SchoolID,Endowment,OperatingBudget
100654,,
100733,,
101161,,
101295,,
101301,,
101462,,
101471,,
101602,,
101897,,
101994,,
102067,,
102313,,
102711,,
104708,,
105145,,
105154,,
105428,,
105668,,
105747,,
105792,,
106999,,
107488,,
107521,,
107619,,
108667,,
109208,,
111434,,
111887,,
111896,,
111920,,
112190,,
112367,,
112686,,
113096,,
113111,,
113236,,
113856,,
113980,,
114266,,
114831,,
114859,,
114938,,
117247,,
117645,,
117681,,
117690,,
117706,,
117715,,
117724,,
117733,,
117788,,
117867,,
118772,,
118930,,
119067,,
119137,,
119164,,
119331,,
120023,,
120421,,
121044,,
121178,,
122180,,
122320,,
122339,,
122375,,
122384,,
122658,,
122737,,
122746,,
122782,,
122791,,
123299,,
123493,,
123509,,
123527,,
123563,,
123925,,
125019,,
125028,,
125091,,
125170,,
125222,,
125462,,
125471,,
126119,,
126289,,
126562,,
126580,,
126614,,
126748,,
126915,,
126942,,
127158,,
127389,,
127884,,
127909,,
128151,,
130907,,
132374,,
132675,,
132976,,
133155,,
134291,,
134307,,
135179,,
135267,,
135276,,
135294,,
135407,,
135522,,
135647,,
135735,,
136303,,
136491,,
136659,,
136765,,
136826,,
137023,,
137087,,
137120,,
137245,,
137713,,
137856,,
137865,,
138284,,
138372,,
138479,,
138488,,
138497,,
138682,,
138840,,
138956,,
139278,,
139357,,
139384,,
139746,,
139986,,
140012,,
140243,,
140331,,
140678,,
140942,,
141006,,
141255,,
141680,,
141796,,
141802,,
141811,,
141990,,
142179,,
144157,,
144166,,
144175,,
144184,,
144193,,
144209,,
144218,,
144500,,
145707,,
145831,,
146603,,
147378,,
147411,,
147800,,
149240,,
149365,,
153296,,
153311,,
153922,,
154952,,
155140,,
155201,,
155423,,
156231,,
156338,,
156392,,
156648,,
156790,,
156851,,
156860,,
156921,,
157304,,
157331,,
157438,,
157483,,
157553,,
157711,,
157739,,
160010,,
164535,,
165608,,
165981,,
166887,,
167525,,
167871,,
169974,,
170240,,
172422,,
172635,,
173115,,
175999,,
176798,,
176983,,
177436,,
178828,,
179308,,
179344,,
179566,,
181312,,
182829,,
183983,,
184481,,
184995,,
186201,,
187620,,
187958,,
187976,,
187994,,
188021,,
188049,,
188058,,
188216,,
188225,,
190053,,
191986,,
193283,,
193478,,
194028,,
194240,,
194259,,
195058,,
195322,,
197027,,
197294,,
198455,,
198905,,
199449,,
199467,,
199625,,
201034,,
201098,,
201131,,
201159,,
201478,,
201496,,
201539,,
201803,,
202152,,
202657,,
202949,,
202985,,
203030,,
203447,,
203456,,
203465,,
203474,,
203483,,
203492,,
203526,,
203614,,
203942,,
204006,,
204015,,
204158,,
204459,,
204802,,
204820,,
204839,,
204848,,
204866,,
204981,,
206172,,
206181,,
206321,,
206613,,
206905,,
206923,,
206996,,
207670,,
208053,,
209250,,
215886,,
217989,,
219480,,
219596,,
219994,,
220127,,
220251,,
220279,,
220321,,
220394,,
220640,,
220756,,
220853,,
221050,,
221102,,
221236,,
221281,,
221333,,
221430,,
221494,,
221582,,
221591,,
221607,,
221616,,
221625,,
224615,,
224961,,
226116,,
227687,,
227854,,
227924,,
228547,,
229407,,
229832,,
230010,,
230162,,
230490,,
230676,,
230861,,
231165,,
231688,,
235431,,
237172,,
237242,,
237473,,
237491,,
237543,,
237561,,
237729,,
237844,,
238263,,
238397,,
238722,,
239248,,
239372,,
239442,,
239460,,
239488,,
240116,,
240125,,
241720,,
242042,,
242556,,
242583,,
243106,,
243115,,
243133,,
243142,,
243188,,
243212,,
243799,,
244446,,
245999,,
246017,,
246071,,
246354,,
246813,,
247083,,
247737,,
247940,,
248606,,
248624,,
248633,,
248925,,
250993,,
251260,,
260336,,
260363,,
261773,,
262086,,
363165,,
364016,,
364025,,
364548,,
364575,,
364627,,
364636,,
364946,,
364964,,
365198,,
365213,,
365240,,
365374,,
365383,,
365480,,
365763,,
366401,,
366465,,
366623,,
367875,,
367972,,
368364,,
368407,,
368647,,
368911,,
369419,,
369668,,
371690,,
372082,,
373711,,
374592,,
375373,,
375407,,
375568,,
375656,,
375683,,
375726,,
375966,,
377485,,
379621,,
380368,,
380377,,
382258,,
382416,,
383084,,
383190,,
383312,,
383330,,
383367,,
383525,,
384333,,
389860,,
390905,,
395362,,
403469,,
403478,,
403487,,
406325,,
406361,,
406422,,
407461,,
407489,,
407513,,
407522,,
407577,,
407832,,
409120,,
409379,,
409537,,
409591,,
412535,,
413176,,
417105,,
417123,,
417442,,
417628,,
417637,,
417646,,
417655,,
417682,,
417716,,
417831,,
417868,,
417886,,
417910,,
417983,,
417992,,
418001,,
418010,,
418029,,
418038,,
418065,,
418083,,
418199,,
418205,,
418223,,
418250,,
418278,,
418296,,
418302,,
418320,,
418348,,
418357,,
418409,,
418427,,
418445,,
418454,,
418481,,
418515,,
418524,,
418533,,
418542,,
418560,,
418588,,
418612,,
419031,,
419095,,
419226,,
419420,,
419484,,
420398,,
420431,,
420468,,
420538,,
420723,,
420802,,
421717,,
427991,,
428019,,
428426,,
428453,,
430795,,
430883,,
430908,,
430971,,
431017,,
431105,,
431196,,
431266,,
431275,,
431558,,
431716,,
433040,,
433068,,
433138,,
433174,,
438708,,
439622,,
440730,,
441210,,
441414,,
441593,,
441672,,
442569,,
443368,,
444219,,
444954,,
446206,,
446349,,
446978,,
447689,,
448248,,
448336,,
448594,,
449357,,
449816,,
451583,,
452106,,
455512,,
457378,,
457387,,
457615,,
457624,,
457873,,
457943,,
457989,,
459329,,
459408,,
461087,,
461245,,
461306,,
461315,,
475723,,
476975,,
480967,,
481021,,
481049,,
481182,,
481191,,
483045,,
484233,,
484473,,
485342,,
485458,,
486150,,
486202,,
486406,,
486877,,
486886,,
487162,,
487773,,
488730,,
488800,,
488891,,
488934,,
490090,,
491464,,
491473,,
491783,,
491844,,
494959,,
495013,,
496645,,
498012,,
498386,,
498739,,
100760,148091,0
101028,49698,0
101143,17800,0
101240,3780388,0
101286,173420,0
101480,15423462,0
101569,597500,0
101587,429016,0
101709,38003803,0
101736,1833747,0
102030,180426,0
102429,385815,0
105206,5255431,0
105297,6185813,0
105349,23578,0
106412,7726990,0
106467,66411930,0
106485,4952382,0
106625,143095,0
106795,155296,0
107318,3127955,0
107327,3744035,0
107585,360156,0
107637,603898,0
107664,6392331,0
108092,110335426,0
109907,1015772,0
110246,5889727,0
110334,34443397,0
112376,52572,0
112385,3260376,0
112561,2140132,0
114433,205743,0
114789,7858720,0
115287,490775,0
117052,1777786,0
117195,3448747,0
117803,468511,0
118684,10967141,0
118976,7728790,0
120953,1721018,0
121363,3526589,0
122889,67154119,0
123572,50615917,0
124557,17858300000,0
126100,0,0
126182,62673,0
126711,21956968,0
127185,15756815,0
127732,1238044,0
128328,129182281,0
129367,61378460,0
130624,29972746,0
131399,58641581,0
132851,81612755,0
133386,20767028,0
134495,6635664,0
134608,30060727,0
136233,60824111,0
136358,22961406,0
137078,34789052,0
137096,37315756,0
137209,13629161,0
137281,3389842,0
138901,584086,0
139250,9498444,0
139719,12742420,0
139968,4324509,0
141264,68762253,0
144892,70517759,0
145336,3639709,0
145521,30132448,0
146278,3624599,0
146366,11907636,0
146418,3536738,0
146506,8,0
147776,13748519,0
147916,14803140,0
148937,4312248,0
149532,373368,0
153214,6876234,0
153472,3195874,0
153524,6089619,0
153630,21948330,0
154800,13434612,0
155104,7276758,0
155450,824291,0
155566,3933280,0
155830,945319,0
155858,6220476,0
157058,20238450,0
157401,114945955,0
157951,16744356,0
158088,580736,0
158431,1640000,0
158884,1524063,0
159373,39656038,0
159939,24939417,0
160481,678884,0
160630,3266304,0
160667,100000,0
161077,1313816,0
161299,47635686,0
161581,591441,0
161767,9735465,0
161864,1507986,0
162104,11089284,0
162609,8021292,0
163453,93985146,0
163657,6369148,0
164155,330215291,0
165033,7800888,0
165194,8444810,0
165820,22184023,0
167631,4101337,0
167729,110000,0
168430,24032999,0
170444,12773082,0
170587,1448303,0
171155,2777511,0
171535,3887158,0
172291,8675685,0
173638,1178000,0
174428,1116000,0
175342,19282933,0
175519,3617174,0
175652,147191,0
175786,48991,0
175810,7474866,0
175829,12350285,0
175856,54082842,0
176008,10000,0
176071,9894972,0
176239,7916,0
176354,1492197,0
177551,3334255,0
177676,711533,0
177940,3130947,0
177995,5938506,0
178387,36657605,0
179715,11631404,0
180160,1854475,0
180203,1347068,0
180212,3225440,0
180249,11300,0
180328,3593935,0
180373,1761265,0
180692,7622343,0
180902,20943466,0
181419,2218999,0
182306,869000,0
182519,11179000,0
183141,57452,0
183655,4372015,0
183859,2942982,0
183877,1754913,0
183938,1283129,0
184180,5167206,0
184205,4048492,0
184791,4367681,0
185262,71612563,0
185590,54950000,0
187596,8073503,0
187639,306046,0
187666,744974,0
187897,10374326,0
188003,1183811,0
188261,1298980,0
188438,1493929,0
190169,5297760,0
190442,493887,0
190619,672459,0
190646,375018,0
191199,2307758,0
191612,1246243,0
194222,13585681,0
196042,6241378,0
196112,8127432,0
196185,71825238,0
196255,32128778,0
197850,2978795,0
197966,3598293,0
198084,5800403,0
198118,117582,0
198251,6365620,0
198376,11777847,0
198552,1120507,0
198570,6011313,0
198622,4292417,0
198640,1930789,0
198668,10842050,0
198817,7130931,0
198914,5988561,0
198987,3720880,0
199157,58104533,0
199324,2080771,0
199333,5773763,0
199494,286252,0
199634,23709667,0
199722,9087309,0
199740,4329491,0
199768,15088456,0
199795,241038,0
199892,3898520,0
200086,5152003,0
200208,964468,0
200314,4318028,0
200466,1753243,0
201283,539329,0
201928,15940649,0
201973,10600936,0
202222,31779445,0
203331,545796,0
203599,7913895,0
203678,4955731,0
204422,4567862,0
204440,1675290,0
204662,5361813,0
204671,6181846,0
204680,3944002,0
204699,6777716,0
204705,5321330,0
207236,25334,0
207263,26054381,0
207306,34779337,0
207351,12434757,0
207449,402299,0
207661,18116613,0
207740,1282444,0
209940,14032031,0
211343,6894100,0
211608,1709722,0
211927,2617862,0
213659,1025529,0
215239,14633301,0
215585,19788280,0
216038,47912954,0
216296,1321857,0
216825,2445448,0
217615,4469936,0
217837,30678,0
218113,19085637,0
218140,6838230,0
218955,150806,0
219143,25447421,0
219408,1096729,0
219879,5339398,0
220057,5505862,0
220400,1762081,0
221184,4739,0
221485,1931665,0
221838,100119402,0
222567,4626806,0
222576,5103569,0
223320,2014811,0
223506,18674435,0
223898,1619988,0
223922,3066977,0
224147,131349497,0
224891,2411754,0
225070,15694695,0
226107,6459651,0
226204,402188,0
226578,12998048,0
227377,181778,0
227386,13574202,0
228158,30269664,0
228316,2283730,0
228644,781164321,0
228653,789556111,0
228699,15884975,0
228769,206275898,0
228778,5741226537,0
228787,791614528,0
228802,195031492,0
229018,64599317,0
229063,85546076,0
229090,43878230672,0
229337,267188325,0
229355,91260221,0
229504,5483335,0
230597,17338857,0
232052,1290175,0
232450,7662528,0
232575,8541388,0
232788,29765437,0
232937,68263710,0
232982,310940822,0
233639,4682252,0
233648,17266747,0
233772,3314365,0
233903,2671154,0
234377,8216502,0
234711,3615514,0
235103,3410408,0
235237,4619657,0
236188,18729397,0
236638,17871895,0
236692,10851201,0
236708,4334871,0
236887,557932,0
236975,10398736,0
237109,11773123,0
237215,4648984,0
237817,4990839,0
238759,11226334,0
239008,1082023,0
240736,3279672,0
240745,17225579,0
240754,25719311,0
240790,10583640,0
241766,2392975,0
241951,2858298,0
243160,324893967,0
243638,10909450,0
243647,6043985,0
245625,278230,0
247603,3309839,0
260372,4470208,0
262031,99478,0
262129,48064213,0
363633,885468,0
366340,5496251,0
367459,9801906,0
409315,339580,0
413626,6104922,0
416801,6308524,0
420440,1401216,0
420556,2436674,0
423652,454834,0
433660,95628690,0
434061,2360000,0
434584,11039523,0
434672,9679431,0
436304,2053365,0
437103,5740844,0
440916,2232862,0
441070,125018,0
441900,1550000,0
445188,29095000,0
446774,779450,0
475565,20374266,0
484905,968626,0
484932,50000,0
487320,610939,0
489201,403907,0
489779,127688,0
497046,200130,0
100663,739372914,30412890
100706,99627019,3795240
100724,118616285,2584132
100751,1369440098,64185953
100812,6058537,195777
100830,60862957,2935030
100858,1010419784,42491334
101505,1394768,6262
101514,8269193,217862
101648,7316715,240322
101879,53477478,3676553
102076,2567318,38048
102094,522356776,27033000
102368,181074239,2385965
102553,93785048,2081800
102614,148864420,3778331
102632,9673067,291616
103529,263735150,8318750
104151,1467451000,41856000
104160,4301159,298881
104179,1287688652,76494748
104346,6675626,264111
104425,22969784,1417528
104577,955096,228874
105136,47758509,1618081
105330,253830196,4763133
105525,7707216,310244
106148,20169361,762830
106245,174003743,11273102
106263,352197000,15497000
106397,1526675464,66076771
106449,825630,21180
106458,103356487,1769951
106704,63383689,183731
106883,337567,9500
106980,2191259,127372
107071,26351693,1806512
107460,6485659,133094
107549,2671036,28342
107725,3053127,57000
107743,4129095,418147
107974,3234252,59360
107983,55990064,4003944
107992,1198331,28498
108056,171158430,8240121
108807,18686286,309950
109350,7578620,211805
109819,13758312,408416
110398,60026172,540718
110422,265257622,9066956
110486,37162254,1516980
110495,18609524,547537
110501,32972822,1172910
110510,51226531,1962621
110529,165987591,4822971
110538,88694074,4069669
110547,24210274,686260
110556,218194842,9797424
110565,130879802,3533408
110574,30043027,769860
110583,115393604,4476005
110592,58107987,3010062
110608,216555272,5730032
110617,74604629,2603927
110635,2976911000,117872000
110644,681104000,23543000
110653,795885000,27699000
110662,3161632000,177580000
110671,251874000,10812000
110680,1358323000,47118000
110699,2374265000,113264000
110705,377029000,15345000
110714,151245000,7428000
111188,15866246,443472
111461,3335054,20628
111939,2856433,45350
112172,8343974,94156
112817,503111,14
112826,9369536,729761
113193,37671715,1655875
113218,1836995,18200
113333,16419493,354798
113573,61752274,1105905
113634,7648458,1064608
114716,11792695,254820
115001,19382991,1312029
115126,12511189,48042
115296,2934440,39867
115393,12342580,685269
115755,32220457,2757622
115861,2593384,18040
116439,2864404,86714
117274,204073,75970
117894,1300346,276562
117900,11769559,13124
118347,2787706,46500
118718,9758602,1912355
118912,13396736,617313
119216,4970173,259962
120290,4010486,734478
120342,43461617,542067
120971,20147021,328745
121619,13565018,2238317
121707,3351361,65000
121886,3137143,28300
121901,6439764,75368
122205,8214852,203777
122409,433927801,10461348
122597,162031540,9694102
122755,182635743,5041232
122977,15819634,650019
123013,59113352,379354
123217,17316967,411797
123341,10785841,922184
123484,1440813,9117
123800,2661094,78450
124113,2431251,3861
126207,5933164,154405
126775,351756085,10654891
126818,598773948,33577275
126863,1014547,50430
127200,1963496,38360
127556,49600457,1562120
127565,26536459,658820
127617,7907811,479363
127741,112357918,4254914
127778,889379,37919
127820,6081771,1717993
128106,25391925,520393
128258,6464538,185237
128300,577011137,12190999
128391,8835417,367128
128771,93411735,7117916
128780,2430438,54400
129020,566178813,25452093
129215,18219241,843797
130493,35703991,1790370
130776,25143450,783896
130882,29203200,1160124
130934,41120839,12750523
132693,19989561,545884
132709,44981606,18548
132903,186027257,6643733
133021,18927510,1429006
133508,46408962,1268643
133650,97517038,3769638
133669,354574122,9829080
133702,33332917,750124
133951,306631350,10062166
133960,5687682,733199
134097,947008761,22525324
134130,2334070000,109950000
134343,35494030,3485505
135160,15666097,712524
135188,11905416,480275
135391,73521264,1623260
135717,270731154,2497860
136145,3873255,383777
136172,134214881,6806323
136400,60599833,9959955
136473,15654396,598926
136516,31957923,994184
137315,14728684,1047677
137351,637874759,38700624
137759,15799793,633437
138187,83702462,3262011
138354,92870276,3488589
138558,20720950,692300
138716,4519285,35439
139311,19583154,401515
139366,95442766,3689381
139463,20257175,293404
139621,372291,9500
139700,2792820,93389
139755,2947317406,103179918
139764,37266054,4092873
139861,59948555,1777632
139931,105792495,2490689
139940,241713865,5869785
139959,1810872356,71826712
140960,11700047,555294
141334,41693634,1112965
141565,325111,4280
141574,50792934,1364100
141839,381380,14850
141963,46314065,1274000
141981,269194,5000
142115,146169823,5077659
142276,86222690,5101403
142285,396374514,17501917
142328,12791174,324264
142443,33586895,1005163
142559,41147280,606798
143215,1371137,4962934
143279,10381314,409859
143613,13105916,814539
144005,7727159,496337
144564,18443404,1581567
144865,17201508,244694
144944,10058306,686491
145600,525011103,15370196
145637,2514041122,76445187
145682,26408097,688596
145813,204784271,8109817
146205,8924514,307918
146296,28310458,1179569
146348,8632698,398419
146472,3138573,50084
146685,25002564,3992306
147004,11660536,385691
147703,100766375,3428475
148007,2513087,468080
148256,6562875,479340
148292,23427884,1712469
148380,7786570,375555
148654,30409466,1108235
148672,8225618,302430
148821,1363502,151539
148991,4372187,224632
149222,187728739,10198771
149231,35482415,2630586
149587,201117131,4416846
149727,7049550,93489
149772,85633337,3110961
149842,39719126,2098675
150136,237731096,3263660
150987,48887080,2420401
151102,78284100,2926675
151111,2342605594,161051052
151306,140274067,4421208
151324,83097516,3028331
151333,11886973,527631
151342,35945249,1090859
151351,1874953052,68885002
151360,17251556,1000054
151379,29200878,1475314
151388,9409476,378315
152637,66100727,1419447
153445,4186002,138852
153533,8641963,460782
153603,1469663420,54805123
153658,3260464000,109474000
153737,40369780,1630290
154059,37393885,2020712
154095,203262326,6589927
154110,4486055,148650
154129,5600472,358486
154378,9055946,488701
154396,2846513,40545
154572,3934265,1624
154642,14823293,536815
154697,11636063,230225
154907,9109460,5585633
154925,14734909,339640
154934,7859363,1205308
154998,2799544,193642
155025,99892170,5368318
155052,4532966,944803
155061,153083066,10318219
155098,6424059,1290754
155186,6121738,597459
155195,12011940,936086
155210,29978778,1133430
155292,4801905,1187656
155317,2383250024,111692626
155399,952275233,31114943
155487,62840,473803
155593,591286,341669
155618,1049593,652163
155681,106203333,3580267
155715,13629834,629865
156082,196891618,18675530
156107,1967098,50250
156125,330968000,15275843
156620,87926494,3256980
157085,1888185496,66308044
157289,921547000,29197000
157386,62117229,1813122
157447,126372000,4867000
157854,88977176,2930125
158662,3888255,130500
159009,15281361,337784
159382,23054605,982380
159391,668448655,28930711
159407,3242334,132887
159416,26983101,743472
159647,92228921,4654713
159717,19745794,677717
159966,16919938,745200
159993,38257472,1757561
160038,17702752,629165
160533,592771,232771
160579,2176008,23992
160612,21735686,811397
160621,12017647,4071496
160649,1433852,27325
160658,162724225,7765747
161138,1721719,200840
161192,3990132,194492
161217,8496000,506000
161226,16262000,694000
161235,5109000,211000
161253,411588000,12108000
161280,8044000,344000
161341,1354000,58000
161484,4225814,1138394
161545,2096620,119305
161554,46350000,1847000
161688,21017178,20150
161873,68642308,3300458
162007,45694415,7587
162122,10285476,189854
162168,4831477,73527
162283,16261536,211418
162557,14702247,443236
162584,44168879,2136270
162690,19608897,768211
162706,14711440,338197
162779,12927250,919375
163204,55967018,1211907
163259,490317395,1151461
163268,159915577,3908485
163286,1025687276,4435736
163338,68498054,1676488
163426,34550297,1451281
163851,105291660,11973
163912,41250174,2174160
164076,99591930,2716237
164146,54172697,706910
164313,28952244,281069
164775,11692204,259173
165024,67739841,5389908
165112,6036561,130241
165866,59632351,1525309
166133,7551926,100000
166513,181906000,4753000
166629,506854978,15261148
166638,147456000,4155000
166647,5319570,1001136
166665,55343000,1752000
166674,18543628,3607266
166692,53829468,923380
166708,531070041,15741398
166823,2139261,326668
166957,4882722,82437
167288,19409210,1335697
167312,11070085,1149180
167376,9568566,1355507
167534,5056619,179244
167905,968953,20900
167987,102722116,2243910
168263,13010863,837059
168607,9238681,2343069
168883,11596153,514539
169248,244760632,9295570
169275,46338092,2451483
169521,30909369,1127848
169798,97834281,262064
169910,119719300,3891344
169992,4984931,366045
170055,16034311,789433
170082,184023776,7033168
170541,14987612,297237
170550,14830281,439501
170620,13338098,634382
170639,35183677,1439671
170657,17523580,525714
170790,32961813,1151590
170976,17626819000,461628000
171100,4580074000,174012000
171128,155891037,2897433
171137,85754000,3049000
171146,163119000,5771000
171225,8779474,148001
171234,25788102,1263999
171304,1478710,21907
171395,2121837,56470
171456,17914946,614600
171483,18679060,818761
171571,136683871,5517013
172051,103731107,3162447
172200,13419245,496507
172307,14281171,755104
172617,29013594,901015
172644,509239000,24511000
172671,161203,1883
172699,633647236,14988895
172918,3623000,91000
172954,127000,2000
172963,1530000,38000
173063,2004000,102000
173124,33214000,930000
173203,9588000,235000
173416,2470000,105000
173461,1813000,45000
173559,7557000,191000
173708,1385000,104000
173735,9897000,463000
173799,2466000,115000
173911,1422000,41000
173920,70920000,2970000
174020,8653000,150000
174066,5108881887,177178325
174075,23375746,1060651
174136,4171000,145000
174233,282901326,11668072
174251,24109848,973001
174358,35806000,1092000
174376,1351000,46000
174473,3440000,66000
174570,386000,22000
174738,7797000,326000
174756,726000,61000
174783,42366000,3032000
175041,2758000,95000
175078,18238000,685000
175236,3622000,232000
175263,1114000,29000
175272,55605000,2071000
175315,4685000,124000
175573,11591605,610338
175616,35794484,1827496
175643,10019579,327352
175883,13756110,384852
175935,19161941,581285
176017,835676847,22653394
176035,65481234,4953415
176044,3697118,49046
176080,709409459,18108336
176169,9115563,1737485
176178,15583366,477730
176372,140221302,4882293
176965,73753612,6721001
177135,8053738,63832
177250,13880035,995172
177472,6848449,138095
177977,635253,40872
178217,6703692,288298
178341,48547412,3272972
178396,1358166509,56117145
178402,199982456,8696498
178411,257946546,9852721
178420,117774495,5048332
178439,248279456,11226394
178448,3174603,1148127
178615,62112973,2870536
178624,44178767,5288754
179539,29032776,574043
179557,105327222,3356531
179645,12235085,170541
180151,4060291,190193
180179,32590556,1067444
180197,16914035,610480
180276,363433,500
180416,68984897,2718161
180461,288525485,6633743
180489,255120279,6698911
180522,11147138,315000
180948,27881454,1050057
181215,74541936,3446823
181303,6521570,141053
181394,122089440,5307545
181428,431448517,20015768
181464,1290770134,61705092
181491,10626372,275106
181534,18318221,1319220
181640,38131084,8417459
181747,275240553,16421786
181765,230653,9669
181783,30124503,1557340
181817,6355586,1277521
182005,7191000,247000
182281,382740000,12552000
182290,520049973,17667848
182500,13640000,481000
182564,316000,10000
183044,473070874,22556828
183062,56048927,2359987
183071,2056380,96066
183080,37651881,1637672
183099,1383444,49959
183105,59441,2317
183114,405858,14361
183123,259594,9670
183132,344844,8610
183150,630976,21840
183257,10600264,617811
183327,326539688,13469984
183743,11817525,445977
184782,397681905,10799786
185129,16498089,266941
185509,14238917,508860
185536,11216900,370784
185828,160804000,5698000
185873,7922495,84478
186034,26115,54000
186371,82806000,348000
186380,1559147000,21342000
186399,228734000,2981000
186469,2943009,465470
186645,1168273,11059
186876,45357188,76704
187046,10949021,537325
187134,61052000,4993000
187198,24477222,2167
187444,36913379,29270759
187532,18057210,406482
187648,43560372,297346
187745,20452927,213508
187903,11139525,269213
187912,501328574,26518749
187967,88541685,3010133
187985,714188151,11349387
188030,76901345,1075664
188100,20018257,598878
188137,12139590,119317
188304,31853989,301160
189547,38274103,1967121
189839,8967457,596736
190035,30937905,100000
190512,205706751,7275777
190521,5211227,21736
190530,1064868,10119
190549,52472409,1308048
190558,17017602,750025
190567,276724462,4465703
190576,80263572,3967484
190585,568839,4000
190594,180821181,3146684
190600,5146812,25935
190628,4276053,252428
190637,35492849,1417919
190655,15973391,6016
190664,64018723,1918139
190673,12118363,250665
190682,3936630,123988
190691,2256318,16152
190840,14990555,152996
191083,4160353,496218
191126,51336863,1473631
191302,3797229,231931
191339,5723208,246960
191719,10758108,2469663
192022,7352981,743809
193326,18957642,457807
193946,6334582,212193
195827,411849,7023
195988,606390,5000
196006,8145675,322375
196015,16357825,677129
196024,8123475,362314
196033,10898550,1181446
196051,3705203,221948
196060,115680399,3298154
196079,180511839,8731928
196088,970993254,41806567
196097,392138786,13444392
196103,43233324,1185376
196121,24326190,696217
196130,82449469,2056118
196149,47790891,1026165
196158,46123203,1210661
196167,36454545,1600798
196176,33438467,883724
196194,58343993,1751445
196200,45637656,1967346
196219,79817600,4714470
196228,7529608,165135
196237,311058,6249
196246,27303715,1252174
196264,25202439,659867
196291,10179338,1018777
196307,99421725,2802965
196565,20702209,801097
196699,6872169,365991
197036,38138178,126621261
197814,6351458,228213
197869,192175577,3282813
197887,7302678,346703
198011,1038566,23939
198039,16048823,776463
198154,15034396,313711
198206,3077393,474500
198233,4986369,350750
198260,57442981,1600003
198321,1762311,136103
198330,4420832,519907
198367,2849553,199478
198464,279529873,12636011
198491,2883255,135408
198507,20125310,461380
198534,39050,876
198543,31279732,439276
198710,15376777,937682
198729,1623110,30107
198774,9220763,114040
198923,783097,151819
199023,4012434,116274
199087,10057154,206507
199102,164719958,5714240
199111,71345515,3141233
199120,5200811833,275753484
199139,316286095,12169507
199148,390764608,15544723
199175,119511981,3799720
199184,122863952,4914930
199193,2028200911,66018148
199218,147657266,6380960
199263,824390,61349
199281,32352058,1151861
199421,12136270,651823
199476,3943630,364482
199485,11632637,37824
199731,6120734,171239
199786,15055556,498479
199838,9670821,511627
199856,17164112,56037
199908,3963034,1001
199926,5569250,219704
199953,999673,3300
199999,48823269,1977951
200004,125841612,4623992
200022,26447554,296082
200059,18760847,437429
200192,13560648,976769
200226,11301498,431868
200253,40309910,2018831
200280,361554000,11753000
200305,55038880,3270700
200332,440354380,16177101
200341,25080133,1143663
200572,12051415,682924
200800,320226914,13619068
201432,5926000,177294
201441,217413000,9019303
201672,4032023,160897
201690,7061414,37591
201885,1849258918,66310697
201946,2844744,95793
201955,2248324,51301
202134,106846373,6829528
202356,101654050,9343551
202648,3429671,33127
203155,4168493,873600
203517,182192873,6496155
203748,47289181,1906915
203881,1447743,270723
204024,739390000,8718480
204255,13438686,538017
204477,25247292,809822
204796,7356089276,289136831
204857,697470370,34847140
204945,4443362,200340
205443,19994255,789810
205470,59608179,3223396
205841,9651809,211558
205966,3373027,196627
206011,6831121,576660
206084,364958524,8489333
206446,789218,85024
206604,143857304,1700
206695,322916527,16286222
206914,23200666,240660
206941,55155952,4192844
207041,38507953,1665064
207050,4513615,126142
207069,12242524,134999
207209,49910788,2128613
207281,8857952,482874
207290,6347609,210919
207315,13126207,600787
207342,698130000,13838000
207388,581494258,12730520
207397,174803,7950
207500,1632955000,55655000
207564,5518216,251709
207722,18669862,3901476
207847,31161441,1747293
207865,35495225,2224354
207935,14696594,335698
208035,7112850,336793
208275,4015271,20552
208318,24686371,1227656
208390,7391393,217785
208406,22299868,1629250
208415,6070843,798752
208646,5893554,1717444
209038,16423470,960440
209074,10005871,506286
209490,1257493000,59594000
209506,31815269,1157638
209542,956459565,32001728
209551,1454374334,51362157
209746,17134081,794650
209807,112197236,2944231
210146,36147320,1759537
210155,4413097,251262
210234,9983592,406717
210270,13072838,838439
210429,21655819,93778
210605,18440320,231364
211079,2107147,32295
211307,11126201,1376709
212115,23817239,669151
212878,38059185,1746944
213020,88468076,3178608
213349,41447239,2233589
213525,11471087,422694
214041,42843823,1936544
214111,11883863,222632
214379,78011063,2567817
214661,1492887,19000
216010,59099679,18353
216764,61145504,2263680
217420,41963650,2921750
217475,4219093,166907
217484,287570498,25527573
217712,683385,69621
217819,128592068,6800822
217864,401784913,41017976
217882,1033665511,27946935
218025,2739113,283384
218061,44552865,1483750
218229,23149821,1075668
218335,473504430,13945306
218353,12929079,467504
218487,1196556,9150
218520,3538104,104964
218645,32857828,1075225
218654,9886985,206425
218663,717911144,20099233
218672,10813613,335170
218681,2744459,89957
218690,5634360,181638
218706,1709388,56030
218724,51395878,1318352
218733,17164402,6358770
218742,12621427,465543
218830,7888441,282983
218858,264451,1125
218885,33848672,682745
218894,5474920,137332
218964,76829015,3406422
218991,7275138,162859
219046,19863418,809821
219082,18296514,1203626
219189,4879415,169091
219259,49215371,2216219
219277,70788889,2535573
219347,100159195,2540397
219356,236844658,8373134
219426,1428943,104400
219471,289290750,10623322
219602,50969512,1274484
219824,6416390,233205
219888,13833128,359100
220075,101832006,3350682
220701,699686,21317
220862,341027186,6059592
220978,137359609,4886643
221096,9417580,125000
221397,17584284,304304
221643,15003595,190912
221740,196413703,5663208
221759,1053905216,16861526
221768,55936458,473900
221847,95074378,3307029
221908,15808191,458722
222053,7243817,117950
222062,17225143,825719
222497,73016526,2622586
222822,11523068,572042
222831,232438053,8710847
222992,14166136,377375
223427,31569883,1097409
223816,11773594,3108509
224110,13952783,557113
224350,31561779,3839657
224545,12115097,564514
224554,36081567,1616419
224642,32290992,8938
225308,8266000,681943
225371,10038966,651492
225414,39232909,1169459
225423,11073275,283557
225432,59055172,1612583
225502,22186826,518108
225511,1216300190,29002071
225520,6884079,1282080
226019,24515282,1021287
226091,157051397,6566653
226134,3340525,356875
226152,98982284,4705923
226408,2803764,13575
226806,55247106,4186930
226833,101451329,3221720
227146,4262370,296259
227182,22891843,851469
227216,267925126,7554603
227225,8702949,777012
227304,20717564,382558
227368,133942399,6347
227401,33748536,703690
227526,139829053,5971027
227881,163691637,5732562
227979,28102821,51512
228431,125352449,3674146
228459,358612351,8419526
228501,26286230,868312
228529,96354488,4185427
228608,7853963,279972
228635,2199299346,2598780
228705,145268686,7821479
228723,18128516595,137708590
228732,233187866,11278850
228796,362794518,13387057
228909,119025063,2194666
229027,286634701,6136531
229115,977855606,39700716
229179,115023726,3094359
229300,942144337,1318156
229540,22497439,1623195
229799,10958807,736536
229814,122227931,5747655
229841,12490145,445264
230171,18430332,679807
230603,36466844,1448407
230728,555549165,11910652
230737,98599692,2567626
230746,10856321,7489978
230764,1589401000,64721000
230782,209709600,7394045
231156,32586045,1081981
231174,835279000,31927000
231536,12026288,369698
231624,1360786638,40105550
231697,2140360,79954
231712,48947546,2097740
231873,7736597,179693
231882,12689162,664358
232186,164455915,5958358
232195,4294927,118535
232414,14443536,1779089
232423,135362639,5845424
232566,95277612,2314897
232681,77600450,2070257
232867,17834703,204049
232946,12380412,199365
233019,9703959,1940157
233037,664849,25103
233116,15736057,3616942
233277,67463786,3071241
233310,14867083,804642
233338,7352360,295839
233754,8062970,252566
233897,159407962,8969032
233921,1889900000,72968699
233949,19312086,1023739
234030,2582571339,35731867
234076,9644274803,434036767
234085,715617553,14290015
234155,98894825,1552703
234669,14677097,316951
234696,4568532,268620
234827,50842029,2113461
234845,15024557,400280
234933,77922951,3811557
234951,2123932,23044
234979,22178863,2455563
235097,42037706,1675989
235149,5031014,163070
235167,22360518,1302574
235334,13736722,1463930
235343,24233881,4632238
235671,3450549,281275
235699,490576,22579
235750,19108721,1707030
236072,6201516,196010
236258,5457499,26442
236382,3708570,312555
236504,27113643,783550
236513,8170548,258245
236610,4560753,205061
236656,11946412,62953
236753,5694455,371264
236939,1270300418,24805051
236948,4918572705,161258798
237011,115126944,4435138
237039,9332386,108609
237330,41185793,1006756
237367,29957801,1343292
237385,17316276,614721
237525,213673105,9074854
237686,11726147,313020
237792,29718043,1001982
237880,4253872,118093
237899,12034181,689383
237932,19765777,678600
238014,2293281,55008
238032,852280261,24623400
239220,2504294,108006
239910,5376370,146876
240170,7317382,328898
240189,38334112,3739039
240198,5214229,120341
240268,70748417,9981258
240277,53257194,5179180
240329,42013528,4057130
240365,40147200,4231628
240374,14128080,1606840
240417,78873617,4289788
240426,22959656,3364529
240435,11895104,526668
240444,5530156867,426507540
240453,239036737,38640013
240462,55699222,10666868
240471,29419892,4985956
240480,58446676,3957343
240505,39658086,1073567
240514,24345294,4633766
240596,6986808,170742
240620,34397058,3049235
240657,31119191,2439228
240666,19550703,1023320
240693,15737318,667088
240727,747129000,23852504
243151,4732,211219
243179,25257,301625
243197,527690,6833413
243203,4717016,2161052
243221,1876679,2432684
243665,53760376,7017763
243780,3675737850,100774470
244437,2543725,61773
247834,15742479,390845
366395,11232474,84850
366711,33548472,1140777
376695,2432123,59436
380359,13561961,723
383996,846637,2375
384342,16525913,1443870
399212,2000322,717888
404426,965960,78850
404480,4379899,112982
405872,12550071,72665
409698,35488805,992820
414911,365295,69154
428392,307257,38029
432144,11078856,290491
435000,217609822,6725414
438665,473661,91608
439154,3330503,142637
439190,2763252,156685
440402,2783869,22737
441760,7393911,438394
441937,17629541,389890
443492,1140793,135547
443711,258097,7618
447582,2577598,60437
448637,7339947,57399
455114,2720555,103076
456959,1168550,144130
459949,4485645,200766
460394,2582056,29972
460464,2636605,30263
482149,355326108,19278324
482158,15246082,294164
482680,74995940,3302123
482699,8244901,124988
482936,3617791,275759
483036,3522561,168051
483212,724345,48275
485111,25775205,892915
486840,111393917,2340530
487010,253790824,1691489
490805,51584831,1586969
492263,40603680,58400987
492689,162928460,5486400
498562,76522240,2015665
498571,112892752,4689839
