SchoolID,RetentionRate
100690,
100812,
101365,
102058,
102845,
104708,
105534,
105668,
105677,
106148,
106263,
107123,
108861,
109350,
109730,
110219,
110316,
110468,
110778,
111045,
111638,
113236,
114354,
114716,
114947,
115010,
115083,
116226,
116846,
117283,
117575,
117636,
117672,
117803,
118888,
118976,
119058,
120184,
120698,
120768,
121886,
122117,
122296,
122375,
122685,
123299,
123509,
123563,
124487,
125231,
125471,
126289,
126687,
126942,
127200,
127617,
127714,
127820,
127884,
127954,
129154,
129932,
130837,
130907,
131803,
131830,
132693,
132709,
132851,
133021,
133386,
133508,
133702,
133960,
134024,
134343,
134495,
134574,
134608,
135160,
135188,
135391,
135717,
136145,
136233,
136358,
136400,
136473,
136516,
137078,
137096,
137209,
137281,
137315,
137759,
138187,
139621,
139746,
142559,
142832,
143297,
143978,
145099,
145406,
145424,
146533,
146755,
147590,
148511,
148575,
148593,
148955,
149028,
149763,
151607,
152798,
153241,
153427,
153542,
154174,
154262,
155140,
155283,
155636,
157793,
158325,
158617,
159373,
161022,
163259,
164599,
165167,
165264,
166045,
166407,
166717,
166869,
167677,
168573,
170240,
170444,
172200,
172608,
173957,
174507,
175120,
176451,
176770,
177472,
177719,
178767,
178891,
178989,
179308,
180054,
180203,
181145,
181419,
181428,
182005,
182148,
182500,
182564,
183035,
183804,
185767,
186405,
186423,
187046,
188517,
189219,
189255,
189282,
189583,
189592,
189990,
190071,
190576,
191311,
192004,
192961,
192970,
193380,
194499,
196255,
196307,
196653,
196680,
198109,
198978,
199883,
200013,
200086,
200466,
200554,
201140,
201672,
201867,
201946,
201955,
202435,
202912,
203678,
203748,
203881,
204255,
204334,
205090,
205391,
206154,
206446,
207342,
207397,
207564,
208390,
208512,
208637,
209241,
209250,
209296,
209490,
210809,
212771,
213932,
214582,
215479,
215983,
216162,
216630,
218113,
218335,
218821,
219240,
219392,
219408,
219842,
222628,
222992,
223083,
223117,
224350,
224961,
225308,
225423,
226134,
226408,
226675,
226806,
227146,
227182,
227298,
227924,
227979,
228486,
228644,
228653,
228909,
229300,
229337,
229799,
231068,
232724,
232885,
233082,
233356,
233408,
233480,
234669,
234696,
234711,
234845,
234933,
234951,
234979,
235103,
235149,
235237,
235334,
235343,
235431,
235547,
235699,
235750,
236018,
236072,
236188,
236258,
236382,
236504,
236513,
236638,
236692,
236708,
236753,
236887,
236975,
237039,
237109,
237686,
237905,
237996,
238263,
240620,
240657,
240736,
240745,
243203,
244233,
245838,
245847,
245883,
245892,
247065,
247162,
247649,
247834,
260336,
260664,
260789,
260992,
262466,
365240,
366340,
366571,
367972,
368647,
368771,
369516,
369950,
371964,
372073,
373526,
376695,
377661,
378576,
380359,
381732,
383020,
388520,
391759,
392257,
392354,
395690,
400558,
404055,
406149,
406486,
407522,
407610,
407629,
409537,
411754,
413617,
413820,
416801,
417734,
417886,
417983,
418126,
418199,
418612,
420024,
420042,
422695,
427335,
428259,
429128,
430306,
430564,
430582,
431266,
431983,
432384,
433004,
433174,
434308,
434584,
435000,
436599,
436650,
437097,
439020,
439190,
439367,
439446,
439668,
439783,
439871,
439969,
441229,
441636,
442426,
442842,
442985,
443058,
443137,
443571,
443669,
444130,
444264,
444370,
444529,
444778,
445647,
445656,
445735,
445957,
446084,
446224,
446251,
446525,
447014,
447050,
447847,
447917,
448239,
448275,
449454,
449533,
449773,
449834,
449889,
450632,
451051,
451194,
451291,
451866,
452373,
452771,
452780,
453215,
453297,
454582,
454689,
454698,
454829,
454856,
454865,
454953,
455026,
455071,
455327,
455664,
455707,
455910,
455974,
456481,
456542,
457086,
457350,
457402,
457527,
457615,
457819,
457873,
458113,
458122,
458423,
458885,
458955,
459374,
459499,
459824,
460808,
460871,
461281,
461324,
461333,
461379,
461412,
461430,
461582,
461643,
461713,
461838,
461962,
469610,
475033,
475200,
475273,
475398,
475404,
475422,
475431,
475635,
475705,
476610,
476814,
480019,
480198,
480204,
480657,
480903,
481049,
481067,
481085,
481289,
481331,
481386,
481401,
481447,
481526,
482246,
482422,
482459,
482547,
482556,
482574,
482635,
482705,
483036,
483124,
483230,
483373,
483382,
483799,
483869,
483887,
484163,
484172,
484233,
484631,
484756,
484862,
484923,
485546,
485704,
486345,
486390,
486488,
486770,
487010,
487746,
487852,
487861,
487889,
487968,
487977,
487995,
488004,
488253,
488280,
488387,
488420,
488679,
488721,
488800,
488837,
489353,
490018,
490045,
490054,
490124,
490197,
490203,
490249,
490328,
490425,
490443,
490470,
490878,
490896,
491190,
491215,
491288,
491297,
491507,
491534,
491598,
491701,
491923,
492023,
492078,
492139,
492306,
492315,
492324,
492476,
492643,
492689,
493488,
493558,
493567,
493673,
493895,
494278,
494287,
494621,
494746,
495013,
495040,
495129,
495138,
495174,
495226,
495262,
495280,
495299,
495776,
495916,
496186,
496478,
496520,
496636,
496681,
496706,
497107,
497198,
497417,
497453,
497462,
497499,
497888,
497912,
498331,
498368,
498474,
498748,
498784,
498818,
498836,
498845,
499079,
499103,
499130,
499149,
499176,
499255,
499273,
499282,
499291,
499307,
499361,
499370,
499389,
499398,
499404,
499422,
499495,
499680,
499705,
499723,
106546,100
107655,100
107831,100
111726,100
114637,100
115658,100
115773,100
117557,100
118958,100
120838,100
121619,100
125082,100
127909,100
128780,100
135610,100
135647,100
137272,100
142489,100
143376,100
145433,100
145497,100
146807,100
147642,100
147819,100
150251,100
150428,100
151962,100
152628,100
154466,100
159328,100
159522,100
159531,100
159601,100
160126,100
161208,100
163815,100
165884,100
166054,100
169503,100
169576,100
171881,100
172033,100
172680,100
175014,100
177083,100
179195,100
181543,100
183600,100
186900,100
188915,100
189404,100
189477,100
190008,100
190707,100
191597,100
192040,100
192484,100
194189,100
194569,100
195438,100
195702,100
197337,100
200527,100
201098,100
201478,100
201803,100
203614,100
203942,100
205027,100
205470,100
206181,100
206905,100
210748,100
211316,100
213376,100
214476,100
215530,100
215886,100
216047,100
216074,100
216746,100
217040,100
219374,100
223506,100
226860,100
226879,100
230205,100
230889,100
232618,100
233666,100
234119,100
235088,100
236744,100
237127,100
237145,100
238096,100
238175,100
238810,100
239877,100
241614,100
241766,100
245980,100
246071,100
363013,100
364760,100
365091,100
365125,100
366155,100
367884,100
368407,100
372240,100
374316,100
375373,100
376224,100
376385,100
376446,100
376677,100
379621,100
379782,100
381486,100
382461,100
383279,100
383297,100
383525,100
401223,100
407142,100
407489,100
407513,100
409591,100
410964,100
412535,100
412544,100
414878,100
417248,100
417275,100
417600,100
417628,100
417646,100
417682,100
417831,100
417992,100
418001,100
418010,100
418171,100
418205,100
418515,100
418889,100
419095,100
419217,100
419420,100
420255,100
421717,100
423412,100
427308,100
428000,100
428125,100
428170,100
431071,100
431105,100
431275,100
432117,100
433013,100
434469,100
436614,100
438674,100
439701,100
439862,100
441168,100
441414,100
441618,100
443207,100
443331,100
444051,100
444194,100
444334,100
444857,100
446093,100
446127,100
446303,100
446349,100
446516,100
446598,100
447713,100
447795,100
447865,100
448257,100
449311,100
449348,100
449357,100
450395,100
450571,100
450641,100
451042,100
451121,100
451307,100
452072,100
454777,100
454980,100
455062,100
455105,100
455336,100
455354,100
455798,100
456153,100
456588,100
456621,100
457031,100
457129,100
457226,100
457253,100
457332,100
457420,100
457581,100
457642,100
457776,100
457925,100
458034,100
458104,100
458131,100
459408,100
459532,100
460862,100
460987,100
461272,100
461500,100
461537,100
461607,100
461625,100
461908,100
461953,100
462053,100
470047,100
475468,100
475839,100
476540,100
476559,100
476753,100
476780,100
476878,100
479965,100
479983,100
479992,100
480727,100
480985,100
480994,100
481225,100
481243,100
481410,100
481456,100
481465,100
481517,100
481571,100
482468,100
483258,100
483577,100
483647,100
483911,100
483948,100
484011,100
484057,100
484093,100
485360,100
485500,100
485591,100
485698,100
485856,100
486053,100
486372,100
486619,100
486877,100
487348,100
487621,100
487773,100
487816,100
488031,100
488129,100
488174,100
488183,100
488305,100
488332,100
488369,100
488411,100
489122,100
489131,100
490142,100
490160,100
490221,100
490382,100
490416,100
490498,100
490522,100
490674,100
491473,100
491589,100
491686,100
491695,100
491765,100
491826,100
491835,100
491871,100
491899,100
491914,100
491950,100
491978,100
492096,100
492148,100
492759,100
493512,100
493576,100
493619,100
493628,100
493637,100
493646,100
493743,100
493752,100
493761,100
494029,100
494463,100
494649,100
494995,100
495217,100
495271,100
495350,100
495369,100
495378,100
495730,100
496052,100
496399,100
496539,100
496690,100
496724,100
496751,100
496964,100
496973,100
497204,100
497213,100
497383,100
497444,100
497471,100
497684,100
497897,100
497903,100
498359,100
498377,100
498739,100
498766,100
498863,100
498872,100
498890,100
498906,100
499538,100
499547,100
499556,100
499608,100
101435,67
101453,67
102429,67
105525,67
105747,67
106351,67
107488,67
107600,67
107743,67
108232,67
110246,67
111887,67
113573,67
117715,67
121363,67
123642,67
125462,67
126580,67
127316,67
128179,67
128258,67
129534,67
131399,67
132842,67
136330,67
138309,67
139700,67
140988,67
141264,67
141361,67
142407,67
143473,67
143613,67
144573,67
145831,67
146348,67
149310,67
149550,67
149639,67
151333,67
151342,67
152381,67
153126,67
154208,67
154457,67
155025,67
156471,67
157809,67
162168,67
162335,67
162690,67
162706,67
166498,67
167905,67
169187,67
170967,67
172866,67
173328,67
174756,67
174862,67
175722,67
177065,67
177144,67
178244,67
178448,67
181640,67
181853,67
183132,67
185129,67
185873,67
190761,67
190956,67
193061,67
194116,67
196015,67
198677,67
199324,67
199607,67
199962,67
199980,67
200226,67
201371,67
204440,67
206996,67
208646,67
211583,67
213233,67
213589,67
215691,67
218487,67
219204,67
219480,67
219602,67
220853,67
225070,67
225432,67
228149,67
228705,67
228981,67
229814,67
230047,67
230366,67
230782,67
231165,67
232052,67
234173,67
235097,67
238980,67
245777,67
247047,67
248527,67
248660,67
249609,67
251260,67
261685,67
366289,67
373085,67
377193,67
377485,67
382911,67
397942,67
407461,67
408066,67
408163,67
408385,67
417752,67
418968,67
421665,67
425250,67
426314,67
433040,67
434432,67
441706,67
442240,67
443049,67
444404,67
445230,67
445948,67
446288,67
447175,67
447467,67
448196,67
448646,67
448859,67
454768,67
454999,67
457493,67
457697,67
457989,67
458140,67
458812,67
458830,67
461388,67
466921,67
469416,67
475662,67
483054,67
483513,67
485272,67
485519,67
485607,67
486239,67
486983,67
487676,67
490081,67
490090,67
490504,67
491233,67
494001,67
495235,67
495420,67
495794,67
497374,67
498085,67
498854,67
103954,75
105589,75
108065,75
109040,75
114938,75
117894,75
118134,75
120421,75
122205,75
123013,75
123572,75
127556,75
127918,75
128498,75
129482,75
130873,75
134945,75
137777,75
140696,75
141325,75
141574,75
142285,75
143482,75
143552,75
148016,75
151810,75
152497,75
156286,75
156338,75
158477,75
161457,75
161855,75
166018,75
166911,75
168254,75
168607,75
169284,75
169813,75
171571,75
171988,75
172051,75
175829,75
177746,75
178527,75
181446,75
183123,75
183974,75
184959,75
185262,75
188030,75
188854,75
190503,75
191205,75
193016,75
195128,75
195243,75
198136,75
199157,75
199768,75
199926,75
199999,75
204884,75
209807,75
212267,75
213349,75
213400,75
214652,75
214795,75
214944,75
216223,75
219082,75
219259,75
219383,75
221892,75
222886,75
225414,75
227881,75
228282,75
229656,75
234137,75
236577,75
238661,75
239372,75
240480,75
241906,75
242626,75
242635,75
243179,75
243601,75
245281,75
260965,75
364548,75
366711,75
368452,75
372921,75
373456,75
377315,75
384412,75
392415,75
405076,75
419183,75
419253,75
430403,75
440402,75
440989,75
441487,75
442329,75
442639,75
443340,75
443641,75
444219,75
444556,75
446048,75
448026,75
449038,75
449083,75
449612,75
449685,75
451413,75
457448,75
458405,75
458803,75
461263,75
466930,75
477039,75
479424,75
480000,75
480851,75
482936,75
483355,75
483850,75
484084,75
485953,75
486354,75
486576,75
486886,75
489201,75
489812,75
490115,75
490230,75
490735,75
490948,75
491853,75
493530,75
493910,75
494472,75
494524,75
494898,75
495341,75
495448,75
496672,75
497222,75
498562,75
104443,80
110486,80
110495,80
114266,80
118161,80
122612,80
125897,80
126951,80
137847,80
138600,80
143491,80
146427,80
150455,80
150677,80
153320,80
154101,80
154527,80
154712,80
156620,80
156967,80
157678,80
161518,80
162760,80
163851,80
164614,80
172699,80
173142,80
173920,80
174190,80
176053,80
176479,80
176910,80
177436,80
181738,80
182290,80
182917,80
184612,80
185396,80
185590,80
186618,80
189705,80
190451,80
190549,80
190594,80
190725,80
191931,80
193991,80
195809,80
196291,80
199102,80
201441,80
204194,80
204778,80
204981,80
206039,80
206321,80
212355,80
212382,80
213011,80
213330,80
214069,80
215947,80
216296,80
219471,80
219505,80
220127,80
221148,80
221607,80
222178,80
222983,80
226277,80
228088,80
228200,80
236328,80
236939,80
237011,80
237066,80
237321,80
237437,80
237729,80
240338,80
240462,80
241225,80
243212,80
243221,80
248925,80
260363,80
379746,80
384245,80
404912,80
406325,80
414461,80
417105,80
417442,80
418250,80
436553,80
436827,80
438337,80
440262,80
441423,80
441609,80
443979,80
444228,80
444440,80
446163,80
447731,80
448372,80
451149,80
454917,80
458070,80
459198,80
459231,80
459286,80
461856,80
462035,80
468893,80
475325,80
476595,80
476726,80
481474,80
481960,80
484002,80
484109,80
484367,80
485032,80
485476,80
486497,80
487922,80
488262,80
488934,80
488970,80
490692,80
491181,80
491224,80
492281,80
494658,80
494728,80
496991,80
497392,80
498100,80
498669,80
498827,80
101709,73
102368,73
102377,73
105330,73
106704,73
107558,73
108977,73
110592,73
114859,73
115393,73
117690,73
120342,73
120403,73
120661,73
122384,73
128391,73
129181,73
135337,73
135407,73
137546,73
138479,73
139311,73
139366,73
139719,73
148584,73
153083,73
153108,73
153375,73
154059,73
157438,73
158088,73
161341,73
161493,73
162061,73
162283,73
164368,73
165820,73
165981,73
166638,73
169910,73
173708,73
174020,73
174251,73
175573,73
175980,73
176716,73
177968,73
181190,73
181330,73
181783,73
182795,73
183910,73
184092,73
184180,73
187444,73
187985,73
192749,73
196121,73
197045,73
198039,73
198215,73
199111,73
200800,73
202170,73
203845,73
206349,73
206437,73
209506,73
210775,73
211006,73
211307,73
213358,73
216278,73
216931,73
218964,73
219833,73
220181,73
220640,73
221768,73
223056,73
227863,73
228769,73
228802,73
229425,73
230490,73
231688,73
233277,73
233897,73
236133,73
236452,73
240471,73
241216,73
241836,73
242653,73
246813,73
365824,73
372462,73
414939,73
417840,73
419633,73
420981,73
427894,73
441937,73
442444,73
442602,73
442657,73
442879,73
443410,73
446640,73
446774,73
448071,73
449764,73
451228,73
454652,73
457396,73
459967,73
468769,73
468909,73
476230,73
481137,73
481863,73
482149,73
482680,73
482981,73
483425,73
486567,73
487083,73
487445,73
487481,73
487588,73
488077,73
488448,73
490133,73
490814,73
491394,73
495059,73
497736,73
102632,71
103501,71
104425,71
106245,71
106315,71
106467,71
106810,71
108852,71
112826,71
113582,71
113980,71
115001,71
119067,71
119216,71
119270,71
120971,71
121901,71
126119,71
126562,71
131876,71
132657,71
134510,71
138868,71
144218,71
149365,71
150604,71
153278,71
154934,71
155335,71
155423,71
157331,71
157483,71
159717,71
160904,71
163453,71
163462,71
166391,71
166805,71
168263,71
175227,71
176406,71
179548,71
179715,71
181491,71
183080,71
184427,71
186052,71
191533,71
192192,71
193399,71
196246,71
198330,71
198835,71
198923,71
199263,71
199281,71
199838,71
200022,71
200305,71
204185,71
205443,71
207722,71
207847,71
209409,71
212115,71
212133,71
213020,71
213598,71
214166,71
215442,71
216357,71
219426,71
219994,71
220862,71
221281,71
227225,71
228431,71
228547,71
232016,71
232797,71
234155,71
237303,71
239512,71
240374,71
240426,71
240879,71
242705,71
262457,71
371830,71
406422,71
407179,71
417655,71
417725,71
418524,71
419341,71
422835,71
441575,71
441788,71
443951,71
445540,71
447023,71
447768,71
449782,71
455512,71
456515,71
456551,71
458043,71
459116,71
459301,71
476805,71
481890,71
483009,71
483470,71
484376,71
486026,71
486798,71
486956,71
487454,71
487603,71
488350,71
489159,71
491136,71
492360,71
492421,71
494232,71
494357,71
494630,71
496326,71
497824,71
101994,77
105215,77
105543,77
107318,77
111434,77
111920,77
113096,77
116439,77
117733,77
121044,77
122791,77
123800,77
129941,77
130989,77
131450,77
133492,77
133809,77
133881,77
139931,77
140818,77
144944,77
146700,77
149842,77
150136,77
150534,77
150941,77
151786,77
153144,77
155061,77
155618,77
156851,77
159656,77
159966,77
161253,77
162654,77
163578,77
165024,77
166452,77
167792,77
168430,77
170082,77
170675,77
174075,77
177214,77
178402,77
178679,77
179894,77
179955,77
180832,77
181215,77
184694,77
185721,77
186876,77
187967,77
188641,77
191676,77
192448,77
192703,77
194310,77
194693,77
194958,77
198206,77
199069,77
199449,77
200332,77
206695,77
207324,77
208822,77
210304,77
211468,77
213251,77
213321,77
214625,77
214689,77
214704,77
214801,77
214829,77
217013,77
217059,77
221847,77
227216,77
228796,77
230852,77
231581,77
233718,77
237543,77
239488,77
240727,77
242644,77
242954,77
243577,77
243586,77
246895,77
364627,77
365374,77
366191,77
377449,77
381325,77
407683,77
416458,77
418223,77
439570,77
440855,77
441900,77
445692,77
448433,77
450720,77
451404,77
454227,77
455725,77
457606,77
459329,77
459842,77
460464,77
461175,77
461573,77
468848,77
475723,77
476887,77
476896,77
481739,77
485926,77
486424,77
486503,77
489283,77
491066,77
496618,77
497435,77
498553,77
106041,83
107512,83
107789,83
111762,83
117168,83
117238,83
119137,83
120069,83
125499,83
126784,83
131283,83
133155,83
139144,83
140447,83
142054,83
143084,83
146454,83
150303,83
150756,83
153825,83
155159,83
155177,83
157818,83
159513,83
160199,83
160320,83
160959,83
162830,83
164076,83
164562,83
165936,83
168740,83
173744,83
174792,83
175698,83
176080,83
178059,83
188429,83
191649,83
191968,83
194435,83
196060,83
200217,83
200280,83
203030,83
204176,83
204723,83
206622,83
207458,83
209153,83
209667,83
209825,83
212984,83
213507,83
214971,83
215053,83
216339,83
216807,83
216940,83
219143,83
219356,83
221333,83
224679,83
224758,83
228343,83
231712,83
239318,83
247010,83
260813,83
363712,83
365763,83
366401,83
368364,83
369455,83
372356,83
373678,83
375683,83
376242,83
378105,83
378956,83
381370,83
382258,83
407090,83
407355,83
417868,83
419280,83
420130,83
422020,83
431187,83
433660,83
434344,83
438504,83
441052,83
445188,83
446242,83
449393,83
451574,83
452887,83
454795,83
455284,83
455886,83
455965,83
456214,83
457192,83
457314,83
457387,83
458229,83
459347,83
460765,83
468963,83
475015,83
476708,83
483957,83
486752,83
486822,83
488226,83
490258,83
490407,83
490531,83
490717,83
491668,83
493479,83
493707,83
495934,83
102049,88
104179,88
104391,88
110529,88
110671,88
113698,88
114460,88
114761,88
115357,88
115931,88
117946,88
120087,88
120865,88
123165,88
125310,88
127060,88
136109,88
138354,88
149329,88
150163,88
151564,88
152275,88
153603,88
156295,88
156408,88
158538,88
160409,88
160472,88
163976,88
165334,88
165662,88
165699,88
166489,88
167525,88
169080,88
171128,88
172422,88
174747,88
176017,88
176062,88
178697,88
186016,88
186186,88
189714,88
190512,88
191241,88
195003,88
196079,88
197151,88
197601,88
199184,88
200110,88
202453,88
204635,88
205124,88
205957,88
212805,88
215682,88
215743,88
215770,88
216454,88
217864,88
221519,88
224660,88
228787,88
231174,88
364575,88
365198,88
366623,88
368832,88
373711,88
375656,88
377722,88
409032,88
413626,88
413680,88
414540,88
418320,88
418409,88
418427,88
440396,88
441256,88
443021,88
444361,88
449074,88
449384,88
449658,88
451927,88
454874,88
455008,88
455202,88
455211,88
455859,88
457475,88
458061,88
458098,88
460701,88
460969,88
461193,88
461218,88
461829,88
461874,88
461926,88
476629,88
479062,88
481340,88
482176,88
485485,88
485494,88
485874,88
486558,88
487791,88
488590,88
491260,88
492005,88
492935,88
493080,88
493664,88
493813,88
494904,88
495411,88
497310,88
101879,78
103927,78
106458,78
107080,78
107099,78
110510,78
110556,78
112288,78
113634,78
119164,78
120290,78
124706,78
128337,78
134079,78
135735,78
138716,78
139940,78
141802,78
142115,78
143118,78
145600,78
150668,78
150765,78
153746,78
155487,78
155681,78
157447,78
157951,78
160117,78
161509,78
163426,78
164173,78
164535,78
173124,78
173300,78
174437,78
174899,78
175005,78
175272,78
180461,78
180984,78
181297,78
182281,78
183062,78
183202,78
188687,78
190664,78
196185,78
196200,78
198543,78
198862,78
199421,78
200590,78
201496,78
203085,78
207254,78
208479,78
211431,78
212230,78
212434,78
212832,78
213473,78
213987,78
214041,78
215381,78
216445,78
216852,78
220978,78
227845,78
228459,78
230199,78
231280,78
232566,78
233426,78
238616,78
240189,78
243133,78
245652,78
250027,78
250285,78
374574,78
375966,78
377218,78
377546,78
377564,78
385619,78
414869,78
417008,78
418782,78
434362,78
436836,78
437857,78
439899,78
439932,78
440828,78
443100,78
447616,78
447704,78
448594,78
448770,78
449861,78
451316,78
452948,78
453792,78
454607,78
459727,78
460534,78
461148,78
463056,78
475732,78
476841,78
488314,78
488998,78
489371,78
497286,78
101189,70
103893,70
103963,70
112172,70
114789,70
115296,70
117724,70
117867,70
118693,70
122180,70
122658,70
123217,70
127565,70
130776,70
132374,70
137023,70
137865,70
138822,70
139506,70
140960,70
141565,70
142522,70
143464,70
144892,70
145372,70
145691,70
146506,70
146685,70
147341,70
147411,70
147703,70
148405,70
150066,70
150145,70
151379,70
153302,70
154013,70
154129,70
155089,70
157304,70
157757,70
158802,70
159939,70
160038,70
162007,70
165635,70
165750,70
173045,70
173638,70
175078,70
176354,70
176372,70
176664,70
176965,70
178183,70
178341,70
180258,70
180948,70
186645,70
188289,70
193308,70
196194,70
198260,70
199634,70
199731,70
199856,70
199865,70
199892,70
200314,70
206491,70
207865,70
213570,70
216542,70
218195,70
218414,70
219198,70
226019,70
228468,70
230737,70
232195,70
232788,70
239008,70
240107,70
240116,70
240277,70
241739,70
243346,70
245625,70
245953,70
247409,70
384342,70
391005,70
403478,70
428055,70
434937,70
438258,70
439622,70
440101,70
443377,70
444714,70
445744,70
447980,70
449700,70
459985,70
462354,70
475024,70
482015,70
484905,70
487384,70
487597,70
490267,70
497338,70
498049,70
498571,70
102076,69
106485,69
106494,69
107983,69
113111,69
113193,69
122728,69
123341,69
126605,69
128188,69
135294,69
138558,69
138947,69
141811,69
141981,69
144564,69
145521,69
145619,69
147004,69
147679,69
149222,69
149532,69
151306,69
151324,69
151360,69
153737,69
154004,69
154378,69
155195,69
156082,69
156231,69
157377,69
157386,69
160065,69
162122,69
164632,69
167039,69
167288,69
168546,69
170639,69
175421,69
177551,69
180522,69
180902,69
183114,69
183789,69
183859,69
185536,69
187505,69
193858,69
197984,69
198233,69
198561,69
199467,69
202134,69
203720,69
204121,69
204264,69
204468,69
204866,69
207403,69
213367,69
214272,69
214786,69
218061,69
218229,69
218441,69
218742,69
219091,69
220631,69
220710,69
222567,69
224527,69
225399,69
226204,69
230995,69
231697,69
232025,69
232575,69
232919,69
234827,69
235024,69
237312,69
237932,69
240709,69
242680,69
244437,69
246460,69
363916,69
384333,69
405872,69
407470,69
407577,69
443632,69
446385,69
447591,69
447689,69
451334,69
451501,69
456065,69
457837,69
460172,69
460394,69
480523,69
490276,69
494597,69
494685,69
494852,69
495970,69
497046,69
497480,69
100937,63
101736,63
105792,63
106449,63
107725,63
112455,63
118718,63
122746,63
126207,63
126863,63
127185,63
128744,63
133997,63
140252,63
144351,63
144971,63
151388,63
153311,63
153463,63
153630,63
156417,63
157216,63
159416,63
160481,63
161217,63
166133,63
166647,63
166957,63
167376,63
167534,63
169974,63
170055,63
172635,63
173735,63
179265,63
179946,63
181534,63
184995,63
188890,63
191621,63
194240,63
197142,63
198598,63
198622,63
198756,63
198987,63
199023,63
200341,63
201928,63
202222,63
202648,63
204839,63
206604,63
206932,63
207263,63
207740,63
207962,63
209603,63
209746,63
210571,63
211024,63
213622,63
217907,63
217998,63
218830,63
218919,63
224004,63
224013,63
224554,63
226116,63
226833,63
227854,63
229160,63
230171,63
233286,63
235501,63
237181,63
237385,63
237899,63
241182,63
262031,63
363679,63
413893,63
419235,63
427982,63
430245,63
430670,63
440776,63
443492,63
444307,63
444468,63
447421,63
450605,63
455114,63
455196,63
456205,63
459949,63
460376,63
461892,63
469911,63
476179,63
480824,63
483595,63
485014,63
486716,63
491844,63
102094,76
110334,76
111188,76
112075,76
115755,76
117140,76
117706,76
123527,76
124681,76
125028,76
130493,76
135081,76
136215,76
137245,76
141334,76
142294,76
144962,76
147378,76
153001,76
154350,76
155007,76
155353,76
157401,76
159009,76
160612,76
160658,76
161554,76
165574,76
167394,76
168005,76
168591,76
169442,76
171146,76
171456,76
179557,76
180416,76
180489,76
181394,76
183211,76
184603,76
184773,76
190558,76
194392,76
196006,76
196158,76
199148,76
199412,76
199908,76
200004,76
201539,76
204200,76
206084,76
209612,76
210429,76
210784,76
212601,76
213914,76
214698,76
215284,76
216010,76
217235,76
218724,76
219851,76
221430,76
223472,76
230807,76
232043,76
232609,76
232706,76
232982,76
235352,76
239071,76
239628,76
240754,76
241191,76
241720,76
241951,76
242662,76
243142,76
243665,76
366252,76
366553,76
368629,76
378886,76
380438,76
384254,76
400080,76
414489,76
418454,76
419703,76
420325,76
421708,76
437778,76
440059,76
440651,76
441371,76
446109,76
447607,76
455275,76
455460,76
484996,76
486813,76
487524,76
488299,76
488961,76
491932,76
106999,74
110361,74
110608,74
111461,74
119173,74
122506,74
122694,74
123651,74
127741,74
136659,74
137591,74
141486,74
142276,74
146339,74
147244,74
148627,74
153162,74
154396,74
154545,74
154688,74
155830,74
156842,74
158246,74
167729,74
168032,74
168786,74
169248,74
169479,74
169655,74
172334,74
172918,74
173665,74
174978,74
175430,74
175616,74
178624,74
179964,74
183105,74
190637,74
190983,74
193247,74
193353,74
196237,74
197814,74
198507,74
198552,74
198640,74
201548,74
201681,74
206525,74
209676,74
212975,74
214759,74
215390,74
217420,74
218539,74
219806,74
220075,74
220473,74
221625,74
221740,74
226152,74
226383,74
227526,74
228529,74
229179,74
229841,74
230603,74
230728,74
232308,74
238759,74
239460,74
240198,74
240417,74
245962,74
369400,74
375416,74
375726,74
383765,74
384236,74
408862,74
409120,74
415987,74
418038,74
418302,74
418658,74
423397,74
431716,74
433101,74
434140,74
437556,74
441858,74
445799,74
447166,74
447892,74
447999,74
450614,74
451529,74
455983,74
457411,74
460756,74
476063,74
480471,74
480833,74
486530,74
492722,74
100654,64
101480,64
101912,64
107327,64
107585,64
109907,64
130110,64
133854,64
134237,64
139764,64
140571,64
140678,64
141167,64
141255,64
142090,64
142179,64
142328,64
144193,64
144281,64
148131,64
148292,64
148380,64
148937,64
148991,64
151102,64
152044,64
153366,64
154572,64
155812,64
156107,64
165112,64
167987,64
169327,64
170657,64
170790,64
171304,64
172954,64
175263,64
175652,64
177418,64
177995,64
180081,64
180595,64
181312,64
183150,64
183488,64
183743,64
185509,64
186469,64
188942,64
190619,64
193478,64
199795,64
200156,64
203757,64
204714,64
204820,64
204848,64
205203,64
207661,64
208044,64
208725,64
210605,64
211477,64
215585,64
218238,64
218645,64
218991,64
219903,64
220701,64
221731,64
221829,64
222105,64
224226,64
224642,64
226107,64
227377,64
228608,64
230162,64
232414,64
232450,64
235671,64
237367,64
248633,64
386153,64
404684,64
410797,64
430227,64
434016,64
438708,64
439118,64
441742,64
442781,64
445708,64
451556,64
453756,64
454926,64
459259,64
460826,64
461652,64
475608,64
484330,64
486381,64
494162,64
497277,64
101693,72
101897,72
102553,72
102614,72
107549,72
108092,72
109208,72
113218,72
117645,72
119331,72
120953,72
125091,72
127732,72
130934,72
132976,72
134291,72
137564,72
145682,72
145707,72
146472,72
147800,72
148672,72
149231,72
149727,72
151111,72
151777,72
153922,72
156648,72
157739,72
159993,72
162557,72
165866,72
167260,72
168847,72
170806,72
172264,72
174358,72
176035,72
176169,72
180090,72
181020,72
185970,72
186432,72
190716,72
191940,72
195234,72
196033,72
199689,72
199740,72
200253,72
200484,72
201104,72
202763,72
203775,72
206011,72
210711,72
213534,72
214731,72
214768,72
216694,72
219046,72
222831,72
225627,72
228042,72
229416,72
232937,72
232946,72
237792,72
239910,72
240365,72
240453,72
242556,72
247940,72
364946,72
365213,72
376330,72
383367,72
399212,72
406033,72
418269,72
421513,72
421610,72
438221,72
442611,72
443216,72
451495,72
455187,72
455895,72
456931,72
456959,72
457341,72
460190,72
461689,72
481775,72
482097,72
482431,72
483878,72
487232,72
488147,72
491747,72
493451,72
495305,72
497356,72
497745,72
100751,86
106397,86
111081,86
114433,86
118912,86
120078,86
121150,86
121309,86
122755,86
124937,86
130314,86
131159,86
133650,86
138497,86
138938,86
140553,86
146481,86
148098,86
152673,86
153074,86
153773,86
155593,86
163046,86
168227,86
168281,86
174914,86
178411,86
182722,86
183044,86
187596,86
188526,86
188669,86
190752,86
191959,86
194736,86
195216,86
196592,86
199078,86
201885,86
202046,86
202152,86
203960,86
204158,86
207704,86
209922,86
210401,86
212106,86
219976,86
223852,86
225511,86
230144,86
234030,86
237172,86
237570,86
238333,86
240329,86
243832,86
248606,86
367051,86
367981,86
372028,86
375407,86
377555,86
417637,86
430908,86
447908,86
452009,86
455831,86
456074,86
457323,86
457484,86
457545,86
457943,86
458210,86
459204,86
459541,86
460978,86
461768,86
461917,86
467863,86
474915,86
475282,86
476692,86
477002,86
478591,86
478953,86
480879,86
480888,86
481003,86
481128,86
481313,86
481368,86
482194,86
483735,86
483744,86
484871,86
485564,86
492652,86
493691,86
496575,86
496645,86
497365,86
498924,86
101161,61
101569,61
101587,61
102030,61
105145,61
106795,61
109721,61
122889,61
130174,61
139278,61
140331,61
141990,61
147776,61
150987,61
155098,61
155520,61
157058,61
159568,61
160579,61
161581,61
164313,61
164872,61
165556,61
166887,61
168555,61
175315,61
176008,61
177117,61
177676,61
179539,61
182704,61
183141,61
184816,61
187620,61
188021,61
188058,61
188438,61
190169,61
190673,61
191719,61
193326,61
193946,61
197285,61
198570,61
198774,61
198899,61
199272,61
199625,61
201177,61
201283,61
202514,61
203492,61
211927,61
213303,61
215266,61
217077,61
218654,61
221397,61
225502,61
226091,61
226903,61
227304,61
228316,61
229018,61
229355,61
230418,61
232672,61
233648,61
233903,61
237950,61
239248,61
244613,61
246035,61
247603,61
363165,61
368911,61
395362,61
409315,61
420723,61
432269,61
434900,61
436304,61
441663,61
443562,61
444282,61
448798,61
449490,61
449524,61
455628,61
460127,61
481155,61
482158,61
483018,61
484136,61
487047,61
487393,61
488059,61
488730,61
490869,61
491941,61
494843,61
495208,61
102270,79
110574,79
111966,79
115861,79
118930,79
119553,79
121859,79
126669,79
128771,79
129525,79
129923,79
142461,79
148496,79
149505,79
150774,79
151801,79
152600,79
153834,79
154448,79
158787,79
161226,79
161563,79
163028,79
164270,79
165671,79
166656,79
166692,79
167871,79
171492,79
174817,79
175342,79
177339,79
177542,79
179566,79
180692,79
190567,79
192624,79
194091,79
195544,79
196219,79
203517,79
204769,79
209065,79
211556,79
212753,79
214290,79
214643,79
214740,79
217518,79
217794,79
217873,79
220251,79
220394,79
220756,79
227368,79
229027,79
232557,79
236230,79
237525,79
238193,79
238458,79
241331,79
241410,79
242617,79
243115,79
243151,79
243443,79
261436,79
363882,79
363934,79
400187,79
407568,79
409698,79
418029,79
436818,79
437608,79
441380,79
442134,79
443225,79
444671,79
445911,79
448895,79
449320,79
449603,79
449959,79
450960,79
457536,79
457572,79
459295,79
460136,79
460835,79
461704,79
476939,79
486840,79
486901,79
488846,79
490975,79
491774,79
494542,79
494603,79
495439,79
498030,79
101295,68
102669,68
104160,68
104577,68
104717,68
106342,68
108807,68
113856,68
118347,68
120537,68
132675,68
133711,68
138372,68
139986,68
143279,68
146278,68
146366,68
146603,68
147013,68
147828,68
148256,68
151263,68
152099,68
155496,68
156125,68
156745,68
159382,68
161767,68
164447,68
165529,68
169798,68
171234,68
173416,68
174783,68
175236,68
175856,68
176628,68
177135,68
178217,68
178420,68
180197,68
181127,68
181303,68
181604,68
183071,68
183938,68
188340,68
188650,68
192271,68
195067,68
196024,68
196112,68
198118,68
198154,68
198251,68
199087,68
199306,68
199786,68
206507,68
207281,68
210146,68
211608,68
213181,68
215275,68
217961,68
218894,68
221236,68
222576,68
225201,68
226471,68
229832,68
231873,68
232867,68
233019,68
233301,68
235167,68
237969,68
238722,68
246974,68
364025,68
381699,68
403469,68
425986,68
433138,68
437936,68
441496,68
442073,68
446552,68
447962,68
455868,68
461865,68
480037,68
482291,68
487311,68
487409,68
488916,68
490294,68
490805,68
491145,68
495952,68
499185,68
101301,65
101514,65
105154,65
106412,65
106883,65
117052,65
117788,65
121707,65
124113,65
128106,65
129002,65
129367,65
134714,65
141006,65
146205,65
146418,65
147916,65
148821,65
153861,65
155511,65
155858,65
156392,65
157076,65
157535,65
157650,65
157711,65
161235,65
161873,65
162779,65
170550,65
172291,65
172617,65
173063,65
173203,65
173461,65
173559,65
174570,65
176071,65
176947,65
177250,65
178208,65
181765,65
184791,65
187198,65
187532,65
192864,65
197911,65
198011,65
198084,65
198969,65
199209,65
200192,65
203128,65
204802,65
206613,65
207306,65
207935,65
210270,65
212337,65
214379,65
217721,65
217828,65
219596,65
219790,65
220206,65
224110,65
225247,65
226587,65
229540,65
233949,65
238397,65
239220,65
241377,65
262129,65
364016,65
377111,65
419226,65
420398,65
427973,65
441025,65
442356,65
444945,65
445249,65
446118,65
448123,65
450401,65
450696,65
457101,65
457767,65
459046,65
460118,65
461245,65
481438,65
481906,65
482477,65
482990,65
491084,65
493071,65
100706,81
102298,81
103741,81
105659,81
107293,81
107619,81
110413,81
110617,81
111744,81
114813,81
118198,81
120166,81
121691,81
136172,81
145813,81
147396,81
148654,81
156541,81
157289,81
157748,81
159948,81
163912,81
167598,81
171137,81
171483,81
174233,81
180106,81
180878,81
182634,81
184746,81
185572,81
187000,81
190239,81
190600,81
191728,81
193052,81
193292,81
193584,81
193654,81
193973,81
195164,81
196042,81
196149,81
197531,81
197966,81
198950,81
203544,81
206589,81
207582,81
209083,81
210739,81
211088,81
212656,81
214148,81
214157,81
215105,81
215992,81
216038,81
216083,81
217581,81
217749,81
218159,81
220215,81
220613,81
224323,81
226231,81
228325,81
231411,81
233295,81
238032,81
240125,81
242699,81
247773,81
260691,81
399869,81
420343,81
431017,81
431141,81
431558,81
440794,81
444486,81
447263,81
448424,81
449676,81
451352,81
451918,81
454962,81
456852,81
460543,81
470038,81
481429,81
482255,81
486512,81
488217,81
492661,81
493132,81
494719,81
496803,81
100724,60
101471,60
117195,60
127778,60
135364,60
138284,60
138840,60
139153,60
139384,60
139463,60
140234,60
145239,60
152992,60
154749,60
154925,60
155414,60
156365,60
156921,60
159197,60
160074,60
160621,60
164775,60
165033,60
166823,60
168528,60
169521,60
171395,60
172307,60
173911,60
174738,60
175935,60
176178,60
176239,60
177931,60
182980,60
183026,60
183099,60
190628,60
190655,60
190691,60
193283,60
193609,60
200059,60
201821,60
202356,60
203483,60
203599,60
204617,60
204893,60
206048,60
207236,60
207670,60
209074,60
210234,60
212300,60
213659,60
216825,60
217475,60
217712,60
220516,60
220604,60
221838,60
224545,60
225520,60
227058,60
228884,60
233037,60
237701,60
240666,60
243188,60
373696,60
383330,60
405854,60
418560,60
420538,60
430184,60
431600,60
442383,60
442976,60
450599,60
451370,60
454810,60
459578,60
459958,60
461014,60
461528,60
480842,60
481146,60
482228,60
482699,60
483045,60
483328,60
483780,60
484349,60
486169,60
491525,60
497329,60
499413,60
100663,82
109651,82
113333,82
116563,82
117627,82
123952,82
135267,82
143048,82
147660,82
157030,82
161299,82
162210,82
166513,82
167783,82
169716,82
172644,82
174127,82
175494,82
184782,82
186283,82
186371,82
189857,82
194763,82
197197,82
198464,82
198844,82
199759,82
203438,82
204857,82
204936,82
209056,82
210331,82
212391,82
213668,82
214591,82
214670,82
214713,82
214810,82
216366,82
216667,82
217633,82
217819,82
219453,82
221102,82
221616,82
221661,82
232681,82
233541,82
233611,82
238476,82
239716,82
240268,82
241395,82
242945,82
364636,82
365505,82
367431,82
371928,82
417327,82
420370,82
420431,82
430795,82
434283,82
438984,82
440730,82
441645,82
441830,82
443261,82
445364,82
447722,82
449968,82
449977,82
451237,82
451565,82
454546,82
455770,82
456038,82
457077,82
457439,82
459055,82
461421,82
462017,82
476735,82
476902,82
479974,82
482060,82
488110,82
488378,82
488952,82
490744,82
491251,82
491543,82
491710,82
494755,82
496061,82
497301,82
498401,82
104586,84
107141,84
109785,84
110538,84
111054,84
112561,84
122597,84
129215,84
132408,84
133669,84
136774,84
139861,84
143358,84
146612,84
146719,84
152390,84
153269,84
154235,84
155052,84
156213,84
159391,84
159647,84
166674,84
166850,84
167899,84
170037,84
170532,84
173647,84
174491,84
178615,84
179043,84
181464,84
184348,84
186399,84
189273,84
192323,84
194657,84
195304,84
195474,84
195720,84
196088,84
196167,84
198491,84
198695,84
203289,84
204909,84
207388,84
210669,84
212197,84
215114,84
215655,84
216524,84
216764,84
217484,84
219000,84
219189,84
219347,84
219709,84
220163,84
221582,84
231059,84
234085,84
236896,84
237987,84
239309,84
242042,84
243197,84
262369,84
363147,84
369668,84
377281,84
390905,84
404718,84
407708,84
418348,84
419712,84
419721,84
434830,84
436632,84
449728,84
451477,84
455877,84
457378,84
459550,84
475176,84
476601,84
476799,84
481021,84
487375,84
497161,84
102313,50
107877,50
111896,50
117274,50
118143,50
119775,50
135559,50
139579,50
140003,50
141839,50
142887,50
145354,50
155292,50
160995,50
171012,50
171997,50
177038,50
177603,50
177940,50
177986,50
180160,50
187666,50
189228,50
193201,50
195289,50
197230,50
198668,50
200785,50
201964,50
201973,50
205054,50
207102,50
207856,50
214023,50
222053,50
223463,50
224828,50
225876,50
233684,50
240693,50
241517,50
242112,50
260372,50
261676,50
363907,50
366003,50
366270,50
383996,50
386472,50
404338,50
406024,50
417716,50
418083,50
418542,50
428392,50
436429,50
438179,50
441070,50
443599,50
445133,50
445267,50
454722,50
455080,50
457299,50
458274,50
458919,50
459213,50
468255,50
475565,50
475741,50
481720,50
482653,50
483212,50
483559,50
483753,50
485397,50
486123,50
486257,50
488022,50
492069,50
493831,50
493974,50
494986,50
497408,50
104151,85
110097,85
110565,85
110583,85
111717,85
117751,85
121433,85
123350,85
123554,85
126818,85
130253,85
133553,85
136950,85
145646,85
152567,85
153250,85
154095,85
155317,85
160010,85
163295,85
164748,85
167996,85
173452,85
174321,85
186274,85
186584,85
189088,85
189413,85
190044,85
196103,85
197869,85
199139,85
199218,85
201195,85
201654,85
202903,85
203368,85
204963,85
207971,85
208433,85
209551,85
212577,85
213826,85
213996,85
215798,85
217536,85
227313,85
227748,85
229115,85
229522,85
230764,85
230816,85
232256,85
232265,85
236595,85
237136,85
243568,85
367158,85
377272,85
383084,85
414124,85
417503,85
443252,85
445780,85
447351,85
450951,85
454971,85
455734,85
459426,85
461494,85
468246,85
484950,85
485166,85
485573,85
486415,85
488749,85
491659,85
491738,85
493682,85
493716,85
494807,85
496663,85
497073,85
102067,57
106324,57
107992,57
110370,57
123484,57
127653,57
129774,57
133979,57
139630,57
140872,57
140942,57
141185,57
141608,57
141644,57
144166,57
155450,57
156356,57
158778,57
158884,57
161077,57
161800,57
162104,57
170587,57
171599,57
174154,57
178721,57
182306,57
184056,57
184506,57
187639,57
187897,57
188049,57
188261,57
190585,57
196699,57
198303,57
198817,57
199494,57
199722,57
200846,57
200873,57
203331,57
204431,57
207041,57
207050,57
207157,57
215239,57
217615,57
218520,57
220765,57
221643,57
223898,57
227386,57
229063,57
237817,57
240596,57
241386,57
246354,57
249061,57
365833,57
368230,57
393649,57
404426,57
421771,57
439738,57
443289,57
443696,57
444787,57
449986,57
451857,57
452106,57
456968,57
460145,57
461944,57
475556,57
481058,57
482963,57
485342,57
488651,57
493822,57
100760,59
101240,59
106625,59
106713,59
107071,59
107460,59
107521,59
127389,59
137087,59
141237,59
142443,59
145336,59
149772,59
154493,59
154855,59
155566,59
155937,59
157553,59
160667,59
161192,59
161545,59
170000,59
171225,59
172671,59
175041,59
176798,59
177302,59
178387,59
179645,59
183655,59
183822,59
189811,59
190521,59
190840,59
191986,59
199333,59
199485,59
204945,59
205966,59
207209,59
208035,59
208318,59
208406,59
209038,59
211079,59
212869,59
212878,59
217837,59
218025,59
218140,59
218733,59
219718,59
219824,59
223922,59
225991,59
231420,59
232089,59
233338,59
233639,59
233754,59
236656,59
240790,59
241146,59
244446,59
250902,59
383190,59
434061,59
445762,59
447148,59
447883,59
450067,59
450933,59
458681,59
460181,59
476683,59
480550,59
493868,59
104568,89
120883,89
123493,89
126614,89
129349,89
139995,89
145309,89
150400,89
153658,89
153764,89
156426,89
162371,89
170620,89
179159,89
191126,89
191630,89
192819,89
194578,89
194824,89
195526,89
196097,89
196866,89
197647,89
202480,89
202523,89
204459,89
204501,89
207500,89
208859,89
209719,89
212009,89
213491,89
214175,89
214528,89
215594,89
216579,89
220279,89
220491,89
221050,89
224156,89
224615,89
230010,89
230038,89
230214,89
230676,89
236212,89
237057,89
237844,89
240718,89
244279,89
249238,89
401764,89
402800,89
407735,89
411684,89
414063,89
444866,89
447759,89
449904,89
449995,89
451547,89
459392,89
476850,89
481191,89
481483,89
485999,89
488192,89
489140,89
491613,89
493594,89
494700,89
495110,89
495387,89
495961,89
498809,89
498881,89
102711,90
110714,90
111513,90
111948,90
122409,90
122436,90
126076,90
129242,90
130943,90
131520,90
147369,90
152309,90
157614,90
165015,90
166939,90
167297,90
170301,90
177685,90
177977,90
183239,90
187134,90
196583,90
197027,90
197744,90
197993,90
198516,90
204024,90
207786,90
209694,90
211273,90
212054,90
212294,90
212674,90
214892,90
217624,90
218973,90
219125,90
221494,90
228246,90
232423,90
240514,90
262341,90
367088,90
369783,90
377759,90
407151,90
407832,90
413176,90
418773,90
421896,90
431123,90
444583,90
445498,90
449506,90
456287,90
456922,90
460817,90
462008,90
467094,90
467906,90
480921,90
480976,90
483337,90
483708,90
483814,90
484066,90
484604,90
487959,90
490151,90
493798,90
496627,90
496654,90
101143,62
101286,62
101602,62
105428,62
107220,62
112190,62
118994,62
123457,62
125532,62
139199,62
140012,62
141796,62
144209,62
146296,62
148487,62
148876,62
153214,62
154952,62
155715,62
161688,62
164492,62
165644,62
167312,62
169992,62
172495,62
172963,62
174473,62
175643,62
176789,62
180373,62
184205,62
187648,62
187976,62
188100,62
196051,62
197294,62
197850,62
198367,62
198710,62
198808,62
199032,62
199953,62
201061,62
204015,62
204486,62
204662,62
213525,62
217688,62
218955,62
219949,62
220552,62
228219,62
231882,62
234164,62
239080,62
250993,62
366395,62
367361,62
367459,62
376288,62
408844,62
433387,62
433420,62
437237,62
447582,62
449135,62
461999,62
469629,62
485458,62
496919,62
497958,62
100830,66
102234,66
103909,66
110547,66
111939,66
115126,66
122339,66
125170,66
128586,66
138655,66
143215,66
144865,66
151290,66
151467,66
152336,66
154800,66
154907,66
155104,66
155210,66
155973,66
156790,66
156860,66
162584,66
163338,66
169275,66
169363,66
170541,66
175519,66
179326,66
183725,66
183877,66
186034,66
195058,66
198066,66
198376,66
198455,66
198613,66
200572,66
201034,66
203580,66
206914,66
206941,66
210492,66
211343,66
211981,66
214111,66
217323,66
217776,66
217925,66
218706,66
226578,66
231651,66
233116,66
234377,66
238078,66
239390,66
240505,66
243638,66
243647,66
380067,66
403487,66
418296,66
449807,66
456454,66
460206,66
479956,66
482185,66
494588,66
100858,93
101028,55
101116,29
101277,51
101462,53
101505,58
101648,44
101675,56
102395,0
102580,33
104090,0
104346,58
105206,40
105297,33
105349,42
105899,55
106306,21
106908,98
106980,52
107044,87
107442,33
107637,40
107664,58
107840,27
107974,53
108667,56
109819,0
109934,87
110060,55
110194,94
110404,98
110422,95
110635,97
110644,93
110653,94
110662,97
110680,94
110705,92
110875,93
111708,96
111799,92
112084,13
112181,96
112260,96
112367,96
112385,43
112394,58
112570,36
112686,53
113449,93
115409,97
117104,56
117247,56
117955,94
118684,42
118772,51
119605,54
119951,87
120254,87
121257,94
121345,96
121637,33
121868,97
122931,94
122977,0
123280,0
123679,93
123961,97
124292,92
125727,87
125763,53
126182,55
126359,53
126678,95
126711,56
126748,54
126775,93
126827,44
126915,95
127158,93
127945,58
128151,55
128328,96
128896,8
128902,87
129020,91
130183,32
130226,87
130590,91
130624,99
130697,95
130794,99
131061,41
131113,54
131469,92
131496,97
132471,58
132602,56
132879,48
132903,92
133465,43
133526,53
133845,56
133863,55
133872,48
133951,92
134097,96
134130,97
134228,32
134307,91
134422,25
134529,25
135142,97
135179,28
135276,14
135522,97
135726,92
136303,23
136491,54
136765,2
136826,33
137032,58
137120,22
137351,91
137476,55
137713,51
137856,87
137953,52
137962,15
138275,45
138293,55
138488,26
138664,51
138682,54
138761,38
138901,37
138956,58
139205,38
139250,53
139357,49
139393,87
139658,96
139755,98
139959,95
139968,48
140243,55
140340,30
140720,54
140827,0
140951,87
141060,94
141680,56
142957,0
143288,58
144005,47
144050,99
144157,44
144175,46
144184,58
144740,87
144795,92
144883,37
145637,94
145725,87
146667,0
146816,15
147129,0
147536,56
147767,97
148007,55
149204,53
149514,5
149781,94
150172,40
150853,43
151351,91
151661,58
152080,98
152150,44
152318,91
152530,91
152637,52
153296,55
153384,93
153445,58
153472,58
153524,52
153533,58
153597,24
153782,92
153977,53
154022,31
154110,56
154332,94
154518,52
154590,56
154642,48
154697,51
154721,49
154998,54
155070,48
155186,39
155201,54
155308,48
155399,87
155627,58
155900,53
156134,52
156189,58
156310,32
156754,40
157021,0
157085,87
157100,45
157669,56
157863,58
158431,52
158662,49
159027,31
159407,53
160524,53
160597,0
160630,48
160649,40
160755,94
160977,94
161004,98
161086,91
161138,56
161484,49
161527,96
161572,42
161864,56
162609,55
162928,98
163204,53
163268,87
163286,96
163347,48
163408,52
163532,95
163541,52
163657,58
164155,96
164216,87
164465,97
164580,94
164739,93
164924,95
164988,95
165060,0
165194,55
165255,96
165608,29
165802,54
166027,99
166124,93
166629,91
166683,99
167057,94
167358,98
167631,39
167835,93
168148,96
168218,96
168342,97
168421,94
168883,47
168892,91
169761,51
169983,93
170091,39
170286,96
170611,96
170736,91
170976,98
171100,91
171155,56
171535,53
171775,93
172015,53
173115,53
173160,87
173258,96
173799,58
173902,95
174066,91
174136,54
174376,54
174428,56
174525,37
174844,91
175786,55
175810,56
175883,55
176044,58
176318,10
176336,19
176433,0
176983,95
177588,58
178077,91
178369,53
178396,91
178828,5
179344,55
179511,95
179867,96
179991,94
180063,33
180151,45
180179,56
180212,32
180249,54
180276,58
180328,49
180647,87
180814,51
180957,93
181002,92
181817,52
181880,95
182670,98
182892,58
183248,0
183257,33
183275,92
183983,87
184481,58
184968,33
185466,95
185679,33
185828,91
186131,97
186201,87
186380,93
186593,91
186867,94
187745,58
187903,43
187912,58
187958,56
187994,54
188003,46
188137,55
188182,53
188216,44
188225,41
188304,54
188678,97
189097,97
189468,91
189547,49
189565,0
189839,58
190053,43
190099,93
190114,38
190150,97
190318,94
190372,91
190415,98
190442,58
190530,55
190646,52
191083,54
191199,55
191302,54
191339,52
191515,96
191612,54
192022,58
192110,97
192165,98
192509,16
192688,41
192712,93
192785,0
192800,0
193070,93
193265,98
193900,96
194028,51
194222,53
194666,98
194718,96
195030,93
195173,54
195191,0
195322,54
195784,51
195988,52
196130,55
196176,87
196264,46
196389,22
196413,91
196431,54
196440,43
196565,42
197018,87
197036,96
197133,94
197221,96
197674,96
197692,96
197708,93
197735,97
197887,43
198321,32
198385,95
198419,96
198534,58
198729,56
198871,48
198905,58
198914,54
199005,93
199120,97
199193,93
199458,48
199476,39
199582,53
199643,56
199698,51
199847,95
199971,17
200208,20
201131,55
201159,87
201432,56
201469,0
201645,92
201690,51
202073,98
202657,95
202806,47
202888,6
202949,91
202985,0
203146,95
203155,45
203234,46
203386,58
203447,29
203456,33
203465,53
203474,51
203526,34
203535,91
203739,20
204006,53
204422,92
204608,94
204671,43
204680,31
204699,49
204705,26
204796,94
205142,94
205179,46
205841,54
205887,56
206172,54
206817,31
206835,49
206862,92
206923,58
207069,56
207087,16
207290,51
207351,47
207449,56
208053,8
208275,51
208415,45
209205,87
209287,34
209542,87
209700,97
209940,52
210155,54
210599,56
211291,96
211334,95
211352,46
211440,97
211635,20
211802,38
211893,97
212045,87
212276,95
212328,87
212911,94
213163,55
213385,92
213455,91
213543,93
213774,33
214634,52
214777,92
214883,0
215008,93
215044,8
215062,98
215293,92
215309,43
215415,92
215637,36
215929,87
215974,27
216287,97
216311,91
216436,87
216551,92
216597,95
216773,55
217156,99
217165,87
217305,24
217402,91
217493,93
217606,19
217882,93
217891,36
217934,53
217989,52
218070,91
218353,43
218399,47
218663,91
218672,38
218681,37
218690,58
218858,54
218885,53
219037,58
219277,54
219587,94
219639,53
219879,54
219888,58
220057,58
220118,31
220321,87
220400,44
220464,36
220598,45
221096,58
221184,43
221351,91
221485,53
221591,96
221759,91
221908,58
221953,58
221971,87
221999,96
222062,58
222822,52
222877,44
223232,91
223320,43
223427,56
223816,53
224147,58
224244,39
224271,21
224891,45
225043,13
225371,55
225548,55
225575,51
225885,49
227322,98
227331,58
227401,54
227429,56
227687,52
227757,98
228158,47
228185,38
228501,58
228699,49
228723,94
228778,96
228875,94
229267,92
229504,37
229780,48
229887,32
230065,98
230597,40
230746,58
230861,43
230959,94
231004,95
231095,30
231536,58
231554,49
231624,95
231785,40
232186,87
233310,56
233329,29
233374,93
233602,93
233772,56
233921,92
234076,97
234207,95
234915,0
234924,93
235307,87
235316,94
235422,58
236610,54
236948,95
237215,55
237242,17
237330,49
237358,58
237473,93
237491,20
237561,95
237783,52
238005,87
238014,53
238324,91
239017,87
239105,91
239442,48
240170,44
240392,48
240444,95
241304,46
242121,0
242130,58
242149,45
242583,53
242820,92
242972,56
243106,98
243744,98
243780,92
243799,33
243823,25
243841,53
245999,58
246017,17
246415,33
247153,38
248192,24
248624,92
248703,96
248934,53
250744,38
251312,10
260929,96
261719,55
261773,10
262086,42
262165,55
362700,58
363633,51
364964,38
365383,47
365480,91
365693,93
366261,47
366465,55
366535,49
367103,49
367112,39
367875,2
369419,40
369446,94
369686,93
371052,52
371690,20
372082,26
372329,48
373216,96
373784,56
374343,97
374592,22
375230,94
375568,0
375939,13
375984,52
376631,17
377458,53
377643,58
377652,44
380368,45
380377,53
381255,94
381282,56
381404,87
382416,92
382780,51
382957,53
383163,93
383312,95
383464,53
384421,91
385132,95
385503,55
387925,39
389860,95
393861,95
399911,92
402563,38
405012,91
405058,87
406361,0
407434,92
409193,15
412173,0
412599,47
413413,23
414595,25
414911,54
415039,91
415057,94
417062,92
417123,95
417910,53
418065,98
418278,91
418357,15
418445,38
418481,53
418533,92
418588,22
418913,45
419031,55
419244,32
419484,20
420440,47
420468,91
420556,52
421841,35
421878,33
423120,98
423652,29
427991,30
428019,92
430883,33
430935,48
430971,95
431196,91
431284,96
432524,56
433068,87
433536,42
434159,51
434274,35
434496,87
434672,55
434751,36
434821,27
436030,51
437103,54
437635,58
437723,10
437732,15
437750,43
437769,44
438285,25
438586,35
438735,46
439455,43
439473,58
439491,23
439747,98
439774,93
439792,52
439844,94
440271,48
441210,32
441502,18
441672,94
441690,0
441760,48
441876,92
441982,99
442435,31
442523,44
442569,24
442888,55
443146,21
443234,16
443298,22
443322,18
443650,0
443766,40
443784,0
444088,33
444291,46
444325,25
444398,56
444413,87
444510,92
444565,18
444635,97
444662,0
444732,92
444811,55
444936,87
444954,41
445027,20
445203,95
445212,91
445841,95
445850,91
446206,27
446233,41
446260,87
446561,93
446604,96
447449,23
447777,20
447810,92
447935,44
447953,58
448220,92
448248,91
448600,45
448673,45
449092,91
449250,52
449339,94
449445,8
449463,37
449472,93
449597,0
449816,95
449870,40
449898,11
450058,41
450128,42
450298,0
450377,0
450650,93
450711,22
450988,94
451097,87
451103,91
451158,87
451167,33
451255,5
451282,96
451343,92
451398,93
451468,99
451583,95
451626,20
451714,94
451750,52
452081,54
452124,47
453163,0
454236,40
454245,56
454537,96
454555,93
454759,0
454786,92
454801,0
454935,95
454944,91
455141,93
455220,3
455257,95
455381,92
455479,51
455488,49
455761,95
455901,93
455929,92
456001,91
456029,43
456135,49
456490,20
456506,54
456579,53
456597,94
456825,0
456977,95
457110,53
457208,56
457466,22
457563,92
457624,19
457633,96
457679,0
457749,97
457785,91
457794,96
457800,18
457855,94
457916,93
457952,95
458007,97
458168,96
458441,38
458821,42
458858,44
458867,46
458964,17
458973,20
459019,38
459064,52
459170,91
459268,25
459277,87
459514,36
459523,93
459851,33
459994,33
460011,95
460020,58
460093,95
460109,54
460349,54
460482,49
460677,37
460914,87
460932,95
460996,92
461023,17
461032,0
461087,11
461111,93
461254,92
461306,1
461315,38
461342,93
461555,97
461722,91
461740,29
461759,51
461786,92
461795,43
461810,13
461847,92
461883,0
462062,94
462071,94
462336,91
464226,44
467872,95
470296,92
470393,0
474863,20
474924,95
475060,44
475121,24
475486,92
475547,94
475574,40
475653,40
475714,55
476355,0
476489,52
476498,97
476568,18
476717,97
476869,87
476975,56
476984,87
476993,95
477233,58
478582,52
478616,53
478917,94
480028,33
480073,17
480091,32
480125,95
480161,0
480310,30
480532,36
480569,22
480781,44
480967,54
481100,94
481207,97
481252,92
481298,13
481678,37
481748,58
481845,38
482167,56
482200,52
482413,0
483106,98
483276,54
483346,87
483364,56
483504,35
483726,33
483823,58
483841,92
483896,20
483920,21
484020,42
484048,10
484075,42
484127,96
484190,56
484206,95
484358,58
484394,96
484473,94
484613,41
484844,96
484899,97
484932,52
485111,40
485236,33
485379,31
485388,25
485412,92
485768,36
485801,93
485962,33
486017,25
486141,91
486150,87
486196,93
486202,91
486248,1
486284,56
486406,0
486442,1
486691,33
486707,49
486859,0
486938,40
486947,0
487065,42
487092,93
487162,58
487302,45
487320,47
487418,54
487427,56
487436,47
487472,53
487490,52
487506,96
487533,93
487658,87
487807,25
487904,87
488013,23
488138,32
488271,87
488396,0
488439,38
488563,22
488776,33
488785,58
488891,26
488989,92
489238,87
489247,92
489256,99
489344,0
489779,25
489830,52
489937,56
490285,91
490300,94
490319,0
490346,97
490391,95
490434,53
490489,44
490513,23
490832,45
490841,51
491057,46
491075,96
491242,43
491446,95
491464,20
491552,93
491570,25
491622,87
491631,96
491640,95
491677,47
491729,25
491756,28
491783,95
491792,96
491817,96
491880,97
491905,52
491996,93
492449,91
492731,93
492801,38
492953,94
492962,40
493150,92
493521,18
493549,92
493585,96
493600,96
493655,55
493770,94
493804,5
493992,41
494250,53
494436,52
494694,55
494737,97
494764,87
494959,43
495031,0
495077,44
495101,95
495147,48
495183,98
495244,0
495253,92
495457,87
495518,46
495837,21
495998,54
496265,91
496283,25
496371,0
496423,93
496715,44
496733,94
496894,0
496955,48
497000,96
497037,40
497116,53
497125,0
497189,94
497268,94
497426,92
497675,94
497833,44
497949,54
498003,51
498012,41
498076,0
498094,54
498119,0
498298,96
498322,93
498340,34
498386,20
498410,94
498447,55
498456,92
498483,53
498757,53
498775,22
498793,33
498951,95
499033,91
499325,93
499334,95
